69,MOV-CA-10001016
66,MAT-AR-10003722
64,MAT-AR-10000604
64,MOV-CA-10001401
63,MAT-FI-10002974
63,MAT-AR-10003516
62,MAT-FI-10001532
59,MOV-CA-10001506
59,MOV-CA-10002523
58,MOV-CA-10003783
57,MAT-FI-10004660
57,MAT-AR-10001334
56,MOV-CA-10002419
55,MAT-FI-10001495
54,MAT-FI-10000640
54,MOV-CA-10001262
54,MAT-FI-10000516
53,MOV-CA-10001833
53,MOV-CA-10003984
53,MAT-FI-10004209
52,MOV-ES-10001958
52,MAT-AR-10002439
52,MAT-CO-10001827
52,MAT-FI-10000858
52,MAT-FI-10002102
51,MAT-FI-10002057
51,MAT-ET-10004271
51,MAT-EN-10003848
50,MOV-CA-10004194
50,TEC-TE-10002683
50,TEC-AC-10000310
49,MOV-CA-10002867
49,MOV-MO-10004937
49,MAT-CO-10004718
48,MAT-EN-10004248
48,MOV-ES-10004976
48,MAT-AR-10002720
48,MAT-CO-10002370
48,MAT-FI-10002195
47,MOV-CA-10002889
47,MAT-ET-10001153
47,MAT-CO-10004160
47,MAT-FI-10001093
46,MAT-ET-10001964
46,MAT-FI-10002233
46,MAT-AR-10001753
46,TEC-TE-10004283
46,MAT-FI-10001873
46,MAT-FI-10003491
45,TEC-AC-10004216
45,MAT-FI-10003340
45,MOV-CA-10001756
45,MOV-CA-10000755
45,MAT-FI-10001212
45,MAT-FI-10000337
45,MOV-CA-10001218
44,TEC-TE-10002172
44,MAT-AR-10002512
44,MAT-FI-10003481
44,MAT-AR-10002310
44,MAT-MA-10005000
44,MAT-FI-10002671
44,MAT-AR-10004870
43,TEC-TE-10004237
43,MAT-PA-10004538
43,MAT-FI-10002363
43,TEC-TE-10004136
43,MAT-AR-10000003
43,MAT-FI-10003598
43,MAT-FI-10002872
43,MOV-ES-10001900
42,MAT-AR-10004677
42,MAT-FI-10004927
42,MOV-CA-10001628
42,MOV-CA-10000803
42,MAT-EN-10002228
42,TEC-CO-10003448
42,MAT-PA-10000468
42,MAT-AR-10000907
42,MAT-PA-10000322
42,MAT-PA-10003495
42,MAT-FI-10000133
41,MOV-CA-10002289
41,MAT-AR-10001348
41,MAT-FI-10001380
41,MAT-AR-10004374
41,MOV-CA-10001755
41,MAT-FI-10004780
41,MAT-EN-10003792
41,MOV-CA-10004369
41,TEC-AC-10001054
40,MAT-FI-10002390
40,MOV-CA-10002269
40,MAT-FI-10000837
40,MAT-ET-10001115
40,TEC-TE-10001353
40,MOV-CA-10003011
40,MOV-ES-10002397
40,MAT-AR-10003566
40,TEC-CO-10002270
40,MAT-ET-10000163
40,MAT-FI-10000954
40,TEC-CO-10004173
40,MOV-CA-10002330
40,MAT-ET-10001772
40,TEC-AC-10004990
40,MOV-CA-10004873
40,MAT-FI-10000562
40,MAT-EN-10003820
40,TEC-AC-10004745
39,MAT-AR-10002671
39,MAT-FI-10003320
39,MAT-AR-10001384
39,MAT-AR-10001043
39,MOV-MO-10003663
39,MOV-ES-10003074
39,MAT-FI-10003646
39,MOV-MO-10001597
39,MAT-AR-10001020
39,MAT-FI-10003013
39,MAT-ET-10002113
38,TEC-TE-10003922
38,MAT-FI-10004130
38,MAT-FI-10000495
38,MAT-AR-10003045
38,MAT-FI-10001416
38,MAT-PA-10003731
38,TEC-CO-10002086
38,MAT-AR-10002476
38,MAT-PA-10001695
38,TEC-TE-10004881
38,MAT-AR-10000951
38,MAT-FI-10002700
37,MAT-EN-10003894
37,MAT-AR-10001139
37,MAT-MA-10003011
37,MAT-FI-10000244
37,MOV-CA-10000861
37,MOV-ES-10004613
37,MOV-MO-10003988
37,TEC-AC-10003900
37,MOV-CA-10001700
37,MAT-AR-10002094
37,MOV-MO-10000480
37,TEC-CO-10002466
37,MAT-MA-10002613
37,MOV-MO-10003337
37,MAT-MA-10001359
36,MOV-ES-10001334
36,TEC-AC-10000500
36,MAT-AR-10001124
36,MAT-MA-10003204
36,MAT-CO-10004940
36,MOV-CA-10001949
36,MAT-AR-10004240
36,MOV-MO-10001338
36,MOV-CA-10001109
36,MOV-CA-10004984
36,MOV-CA-10002904
36,MAT-PA-10000586
36,MAT-EN-10001187
36,MAT-FI-10004261
36,MAT-AR-10000276
36,MOV-CA-10004202
36,MAT-EN-10000917
36,MAT-PA-10003686
36,MAT-AR-10003420
35,TEC-AC-10003433
35,TEC-AC-10001228
35,TEC-CO-10001147
35,MAT-PA-10002624
35,MAT-AR-10004653
35,MAT-FI-10000789
35,MAT-EN-10001223
35,MOV-CA-10001309
35,MAT-AR-10004952
35,TEC-TE-10001816
35,MAT-CO-10000655
35,TEC-AC-10002930
35,MAT-CO-10002558
35,MAT-CO-10002266
35,MAT-PA-10000551
35,MOV-CA-10002893
35,MAT-FI-10002744
35,MOV-CA-10004442
35,MAT-CO-10000736
35,MOV-MO-10004936
35,MOV-CA-10004158
35,TEC-AC-10002501
35,MAT-AR-10001938
35,TEC-AC-10001056
35,MOV-CA-10003821
35,TEC-AC-10000376
35,TEC-TE-10004658
34,MOV-MO-10001468
34,MOV-MO-10004377
34,MAT-EN-10001487
34,MAT-EN-10003067
34,MOV-ES-10000519
34,MAT-AR-10004222
34,MAT-AR-10002851
34,TEC-AC-10003930
34,MAT-PA-10000202
34,MAT-EN-10002723
34,MAT-MA-10003141
34,MAT-ET-10003335
34,MAT-ET-10003735
34,MAT-EN-10004627
34,MAT-CO-10004510
34,TEC-TE-10002243
34,MOV-MO-10001267
33,MAT-FI-10004341
33,MAT-FI-10001531
33,MAT-AR-10002688
33,MAT-AR-10004875
33,MAT-EN-10003030
33,MOV-CA-10003020
33,TEC-CO-10003215
33,MAT-PA-10001825
33,TEC-TE-10001609
33,MOV-MO-10001428
33,MAT-CO-10001844
33,MAT-ET-10000900
33,MAT-AR-10001936
33,TEC-CO-10001366
33,MAT-AR-10005000
33,MOV-CA-10004084
33,MAT-MA-10002987
33,MOV-ES-10000484
33,TEC-AC-10002413
33,MAT-ET-10000988
33,MAT-FI-10003525
33,MOV-ES-10003175
33,MAT-ET-10001028
32,MOV-MO-10000513
32,MOV-CA-10002542
32,MAT-AR-10003740
32,MAT-FI-10004310
32,TEC-TE-10002655
32,TEC-TE-10004369
32,MAT-AR-10003294
32,MAT-AR-10002066
32,TEC-TE-10001137
32,TEC-TE-10001342
32,MAT-AR-10002253
32,MAT-FI-10002381
32,MAT-AR-10003843
32,MAT-ET-10003933
32,MAT-CO-10000256
32,TEC-AC-10000168
32,MAT-EN-10002793
32,MAT-PA-10000782
32,MOV-MO-10000693
32,TEC-TE-10002883
32,TEC-TE-10004795
32,MAT-PA-10001484
32,TEC-AC-10001104
32,TEC-AC-10000251
32,TEC-AC-10002860
32,MAT-CO-10002080
32,MAT-AR-10003992
32,MAT-AR-10001422
32,MAT-FI-10004410
32,MAT-AR-10001017
32,MOV-CA-10001371
32,MOV-MO-10004383
32,MAT-FI-10000911
31,MAT-MA-10004847
31,MAT-AC-10004881
31,MOV-CA-10001415
31,MOV-CA-10000085
31,MAT-ET-10001203
31,TEC-AC-10002935
31,MAT-FI-10000594
31,MAT-FI-10001391
31,MAT-AR-10004226
31,MAT-FI-10001935
31,MAT-FI-10003225
31,MOV-ES-10001606
31,TEC-CO-10001192
31,MAT-FI-10002494
31,MAT-PA-10000410
31,TEC-TE-10002423
31,MOV-MO-10004431
31,MOV-CA-10000433
31,MOV-ES-10004839
31,MAT-EN-10003914
31,MAT-MA-10002428
31,MAT-CO-10002572
31,MAT-AR-10003215
31,MAT-AR-10000892
31,MAT-ET-10003789
31,TEC-TE-10001415
31,MOV-CA-10000729
31,MOV-ES-10002947
31,TEC-AC-10001364
31,MOV-MO-10004592
31,MAT-EN-10003101
31,MAT-FI-10002870
30,MOV-MO-10003224
30,MAT-MA-10002935
30,MAT-EN-10004273
30,TEC-TE-10000334
30,MAT-MA-10002485
30,MAT-EN-10004767
30,MAT-ET-10002680
30,TEC-CO-10001549
30,MOV-MO-10000807
30,MOV-MO-10002335
30,MAT-FI-10003889
30,MAT-EN-10000871
30,MAT-CO-10001655
30,MAT-AR-10000288
30,MAT-PA-10004608
30,TEC-AC-10002265
30,TEC-CO-10002761
30,MAT-MA-10002310
30,MAT-MA-10004123
30,MAT-MA-10004042
30,MOV-CA-10001610
30,MAT-ET-10004607
30,MOV-CA-10002633
30,MAT-MA-10000459
30,MAT-EN-10000216
30,MAT-FI-10000250
30,MAT-PA-10003262
30,MAT-CO-10000763
30,MAT-AC-10001458
30,MOV-MO-10002552
30,MAT-EN-10003354
30,MOV-ES-10003535
30,MAT-AR-10000119
30,MAT-AR-10004564
30,MAT-FI-10000063
29,MAT-EN-10001135
29,TEC-TE-10003746
29,MAT-ET-10002536
29,MAT-CO-10000999
29,MOV-CA-10003721
29,MOV-CA-10003172
29,TEC-CO-10002825
29,MAT-MA-10002656
29,MAT-FI-10002664
29,TEC-AC-10002012
29,MAT-MA-10000201
29,TEC-AC-10004115
29,MAT-EN-10003731
29,MAT-FI-10002918
29,MAT-ET-10002675
29,MAT-FI-10001513
29,MAT-FI-10002905
29,MAT-ET-10000397
29,MAT-AR-10004937
29,MOV-CA-10004178
29,MAT-AR-10004955
29,MOV-CA-10002356
29,MAT-AR-10000184
29,MAT-FI-10001929
29,MOV-MO-10001850
29,MAT-PA-10000502
29,MAT-MA-10000769
29,MOV-MO-10002503
29,TEC-AC-10003597
29,MAT-ET-10000494
29,TEC-CO-10004626
29,MAT-ET-10000111
29,MAT-CO-10003584
29,MOV-MO-10004932
28,TEC-CO-10003495
28,MAT-EN-10003935
28,TEC-CO-10003794
28,TEC-TE-10000976
28,MAT-PA-10000402
28,MAT-FI-10002569
28,MOV-MO-10002986
28,MAT-MA-10003095
28,MOV-ES-10004528
28,MAT-FI-10004886
28,MOV-ES-10004287
28,TEC-AC-10001901
28,TEC-AC-10003967
28,MAT-CO-10003305
28,MAT-AR-10000936
28,TEC-TE-10000505
28,TEC-CO-10001592
28,TEC-TE-10004040
28,MAT-PA-10003704
28,MAT-AR-10004561
28,TEC-TE-10004172
28,MOV-ES-10004894
28,MAT-PA-10001670
28,MAT-EN-10004392
28,MAT-PA-10002903
28,MAT-CO-10002533
28,MAT-EN-10004471
28,MAT-AR-10003031
28,MOV-ES-10001160
28,TEC-TE-10000636
28,MAT-MA-10000125
28,MOV-ES-10002310
28,MOV-CA-10001195
28,TEC-CO-10002556
28,MAT-AR-10004926
28,MOV-CA-10003610
28,MOV-ES-10004190
28,MAT-CO-10002105
28,MOV-ES-10000624
28,MAT-PA-10000863
28,MAT-AR-10003462
28,MAT-AR-10002650
28,MAT-ET-10003958
28,TEC-CO-10002822
28,MOV-MO-10002143
28,MOV-ES-10004806
28,MAT-MA-10002004
27,TEC-CO-10000698
27,MAT-FI-10001984
27,MOV-MO-10003099
27,MOV-CA-10000166
27,MAT-EN-10002352
27,MOV-MO-10003235
27,MOV-MO-10004010
27,MAT-ET-10001117
27,MAT-MA-10000797
27,TEC-TE-10002321
27,TEC-TE-10002231
27,TEC-AC-10003655
27,MOV-ES-10000191
27,MOV-MO-10000968
27,MAT-AR-10002589
27,MAT-AR-10002543
27,MAT-EN-10000091
27,MAT-CO-10002728
27,MAT-CO-10000539
27,MOV-MO-10004672
27,MOV-ES-10000849
27,MAT-EN-10001667
27,TEC-AC-10002586
27,MAT-CO-10000869
27,MOV-CA-10003217
27,MOV-CA-10004556
27,MAT-CO-10003641
27,MOV-CA-10004486
27,MOV-MO-10003106
27,MAT-AR-10004188
27,MAT-CO-10003733
27,MOV-CA-10004196
27,MAT-PA-10001439
27,MAT-AR-10000333
27,TEC-AC-10002390
27,TEC-CO-10000781
27,MAT-AR-10001101
27,MAT-ET-10003716
27,MAT-AR-10004290
27,MOV-ES-10004606
27,MAT-CO-10002112
27,MAT-MA-10002198
27,TEC-CO-10002110
27,MAT-FI-10004625
27,MAT-FI-10000469
27,MOV-CA-10001979
27,MAT-CO-10000361
27,TEC-CO-10000545
26,MAT-FI-10000309
26,MAT-PA-10003911
26,MAT-PA-10003362
26,TEC-TE-10001991
26,MAT-PA-10001069
26,MAT-AR-10003252
26,MOV-MO-10000445
26,TEC-AC-10004148
26,MAT-EN-10004466
26,MOV-CA-10000946
26,MOV-MO-10000306
26,TEC-CO-10000667
26,MAT-CO-10003053
26,MAT-ET-10004842
26,TEC-TE-10001225
26,MAT-PA-10000912
26,TEC-AC-10004957
26,MOV-CA-10004353
26,MOV-MO-10004577
26,MOV-ES-10000469
26,MAT-MA-10002131
26,MAT-EN-10004394
26,MAT-MA-10003188
26,MAT-AR-10001693
26,MOV-ES-10000868
26,MAT-MA-10002219
26,TEC-TE-10004559
26,MAT-AR-10001578
26,TEC-AC-10003603
26,TEC-AC-10002156
26,MAT-EN-10001004
26,TEC-AC-10004053
26,MAT-AR-10001073
26,MAT-PA-10004245
26,MAT-ET-10001567
26,MAT-EN-10004759
26,MAT-FI-10001408
26,MAT-PA-10002074
26,MOV-CA-10000372
26,MAT-MA-10000059
26,MOV-CA-10003933
26,MOV-ES-10003326
26,MAT-AC-10000862
26,MOV-CA-10002673
26,MAT-FI-10001462
26,MAT-FI-10001257
26,MAT-AR-10002782
26,MAT-AC-10002378
25,MAT-AC-10000074
25,MAT-ET-10001029
25,TEC-TE-10000200
25,MAT-FI-10002008
25,MAT-AR-10002132
25,MAT-MA-10001734
25,MOV-MO-10002034
25,MAT-AR-10001953
25,MOV-CA-10000195
25,MAT-AR-10004761
25,MAT-CO-10003592
25,MOV-ES-10000391
25,MAT-AR-10000358
25,MAT-MA-10002027
25,MOV-CA-10002735
25,MOV-ES-10002892
25,MAT-AR-10003036
25,TEC-CO-10001697
25,TEC-TE-10002121
25,MAT-CO-10001583
25,MAT-ET-10000152
25,MAT-FI-10002581
25,TEC-TE-10003661
25,MAT-AC-10002035
25,MAT-PA-10004384
25,MAT-CO-10004279
25,MAT-AR-10004326
25,TEC-TE-10004869
25,MAT-AR-10004711
25,MOV-CA-10003678
25,MAT-FI-10000452
25,TEC-TE-10004236
25,MAT-EN-10003545
25,MOV-ES-10001953
25,MAT-MA-10002233
25,MAT-AR-10004683
25,MOV-ES-10004633
25,MOV-ES-10004961
25,MAT-ET-10002537
25,TEC-AC-10002042
25,MAT-MA-10000848
25,MAT-ET-10004470
25,MOV-ES-10003148
25,MAT-AR-10004438
25,MAT-AR-10000586
25,MAT-PA-10003161
25,MAT-ET-10002506
25,MOV-CA-10004138
25,MAT-CO-10004172
25,MAT-PA-10004249
25,MAT-PA-10003325
25,MOV-CA-10004383
25,MAT-MA-10001898
24,MAT-PA-10000521
24,MAT-PA-10002996
24,MAT-AR-10004134
24,MAT-EN-10000372
24,MAT-ET-10002699
24,MAT-AR-10000433
24,MAT-FI-10003063
24,MOV-CA-10000737
24,MAT-ET-10001319
24,TEC-CO-10000696
24,MAT-ET-10000301
24,MOV-CA-10002043
24,TEC-CO-10000694
24,MAT-AR-10001838
24,MOV-MO-10003291
24,MAT-EN-10003803
24,MAT-EN-10001731
24,MAT-AR-10003098
24,MAT-AR-10001836
24,MAT-AR-10002901
24,TEC-CO-10003064
24,MAT-AR-10001300
24,MAT-AC-10002256
24,MAT-PA-10004530
24,MAT-AR-10000174
24,TEC-TE-10001711
24,MAT-EN-10002680
24,MOV-CA-10003666
24,MAT-AR-10000011
24,MOV-CA-10003855
24,MAT-ET-10004150
24,MAT-FI-10002374
24,MAT-PA-10003685
24,TEC-TE-10000783
24,MOV-CA-10003523
24,MAT-CO-10002618
24,MAT-PA-10000497
24,MOV-CA-10004461
24,MAT-CO-10003781
24,MAT-CO-10001707
24,MAT-ET-10002208
24,TEC-AC-10002133
24,MAT-MA-10000119
24,MAT-AR-10004538
24,MAT-AR-10002737
24,MAT-MA-10002657
24,MAT-CO-10001629
24,MAT-MA-10001124
24,MAT-FI-10003284
24,MOV-ES-10000749
24,MOV-ES-10002291
24,MAT-EN-10003268
24,MAT-CO-10001674
24,TEC-AC-10001287
24,TEC-TE-10004696
24,MAT-EN-10000610
24,MAT-CO-10001160
24,MOV-MO-10004329
24,MAT-AC-10002466
24,MAT-AR-10000063
24,MAT-MA-10002378
24,MAT-PA-10004935
24,MAT-CO-10004277
24,MAT-FI-10003288
24,MAT-EN-10004625
24,MAT-EN-10000386
24,TEC-TE-10003006
23,TEC-AC-10004713
23,MOV-MO-10004557
23,MOV-CA-10004119
23,TEC-TE-10001522
23,MOV-MO-10000012
23,MAT-MA-10001839
23,MAT-EN-10002048
23,MAT-AR-10002071
23,MAT-PA-10000941
23,MAT-ET-10000190
23,MOV-ES-10002342
23,MOV-ES-10003570
23,MOV-MO-10000630
23,MAT-EN-10004039
23,TEC-AC-10003695
23,MOV-CA-10000418
23,TEC-TE-10002385
23,MAT-EN-10000729
23,MOV-CA-10002854
23,MAT-EN-10000107
23,MAT-FI-10002189
23,MAT-AR-10004675
23,MOV-CA-10002911
23,MAT-ET-10000220
23,MAT-AR-10002024
23,MOV-ES-10000975
23,MAT-MA-10004629
23,MAT-EN-10000844
23,TEC-CO-10003959
23,MAT-AR-10001150
23,MAT-EN-10004315
23,MAT-ET-10000489
23,MAT-MA-10001508
23,MAT-FI-10001619
23,MAT-MA-10003063
23,TEC-CO-10000864
23,TEC-AC-10004370
23,MAT-AR-10003707
23,MAT-FI-10000380
23,TEC-TE-10002304
23,MAT-ET-10002096
23,MOV-CA-10004251
23,MAT-PA-10000933
23,MAT-CO-10003823
23,MOV-ES-10000756
23,MAT-EN-10000955
23,TEC-AC-10003371
23,MAT-EN-10001718
23,MAT-MA-10004420
23,MAT-AR-10001866
23,TEC-TE-10001770
23,MOV-MO-10000666
23,TEC-CO-10000626
22,MAT-EN-10001377
22,MOV-CA-10004250
22,MAT-AR-10004163
22,MAT-PA-10004606
22,MOV-MO-10003020
22,MOV-ES-10000632
22,MAT-AC-10003473
22,MAT-CO-10003743
22,TEC-AC-10002876
22,MAT-AR-10000059
22,MAT-AR-10003555
22,TEC-CO-10004780
22,MOV-ES-10003835
22,MAT-ET-10000097
22,MAT-AR-10003278
22,MAT-AR-10001029
22,TEC-AC-10002272
22,MAT-MA-10003716
22,MAT-FI-10000154
22,MAT-ET-10000776
22,MOV-CA-10002982
22,TEC-CO-10001826
22,MAT-ET-10002436
22,MAT-AR-10000982
22,MAT-PA-10001635
22,MAT-EN-10000753
22,MOV-ES-10004419
22,MAT-MA-10001777
22,TEC-AC-10000767
22,MAT-EN-10003727
22,MAT-EN-10003231
22,MAT-PA-10001671
22,MOV-MO-10003131
22,MAT-AR-10001754
22,MAT-PA-10002524
22,MAT-EN-10002113
22,MAT-MA-10000372
22,MAT-FI-10000841
22,MOV-MO-10000550
22,TEC-TE-10002740
22,MAT-CO-10000011
22,MAT-MA-10002286
22,MAT-PA-10000500
22,MOV-CA-10003058
22,TEC-TE-10003228
22,TEC-CO-10004163
22,TEC-AC-10001571
22,MAT-AR-10001367
22,TEC-AC-10003203
22,MAT-PA-10004463
22,MAT-AR-10003549
22,MAT-MA-10001621
21,TEC-AC-10002784
21,MOV-CA-10000984
21,MOV-ES-10003839
21,MAT-FI-10000163
21,TEC-TE-10003100
21,TEC-AC-10002908
21,MAT-AR-10000653
21,MAT-FI-10003636
21,TEC-CO-10004698
21,MAT-ET-10001250
21,MOV-MO-10003693
21,MOV-ES-10004807
21,MAT-MA-10003006
21,MOV-CA-10004997
21,MOV-CA-10004902
21,TEC-AC-10001631
21,MOV-ES-10001624
21,MAT-PA-10001982
21,MOV-MO-10000559
21,MAT-EN-10000583
21,TEC-AC-10001673
21,MAT-AR-10001627
21,MOV-ES-10002278
21,MAT-EN-10002322
21,MAT-FI-10001059
21,MAT-CO-10004945
21,MOV-MO-10001573
21,MAT-AR-10004920
21,MOV-MO-10001290
21,MAT-PA-10003486
21,TEC-CO-10004220
21,TEC-CO-10003504
21,MAT-AR-10002401
21,MAT-CO-10002916
21,MOV-CA-10004688
21,MOV-ES-10001915
21,MAT-FI-10001314
21,MOV-MO-10002286
21,TEC-TE-10002896
21,TEC-AC-10000628
21,MAT-AR-10003499
21,TEC-TE-10001459
21,TEC-TE-10004447
21,MAT-AC-10004091
21,TEC-CO-10001917
21,TEC-AC-10002686
21,MAT-MA-10000282
21,TEC-CO-10003089
21,MOV-ES-10001740
21,MAT-CO-10001898
21,MAT-AR-10001356
21,MOV-MO-10003379
21,MAT-FI-10000270
21,TEC-CO-10001463
21,MAT-ET-10004836
21,MAT-MA-10001922
21,MOV-ES-10000103
21,MOV-CA-10002213
20,MAT-AR-10003090
20,TEC-MA-10003628
20,TEC-TE-10003955
20,TEC-AC-10002898
20,MOV-MO-10000827
20,MAT-EN-10004688
20,TEC-TE-10002071
20,MAT-PA-10003735
20,MAT-ET-10001326
20,MAT-PA-10003577
20,MAT-AC-10003736
20,TEC-AC-10003897
20,MAT-FI-10004576
20,MOV-CA-10004326
20,TEC-TE-10003478
20,MAT-ET-10002387
20,MAT-EN-10002451
20,TEC-AC-10001000
20,MOV-MO-10001297
20,MAT-EN-10004794
20,TEC-AC-10002180
20,MAT-PA-10003102
20,MAT-PA-10002989
20,TEC-CO-10002847
20,MAT-AR-10001157
20,MOV-ES-10001154
20,MAT-EN-10001346
20,MAT-AR-10001690
20,MOV-CA-10002605
20,MAT-AR-10004292
20,MAT-EN-10001040
20,MAT-FI-10002522
20,TEC-CO-10001546
20,MAT-FI-10003394
20,MAT-ET-10004236
20,TEC-AC-10004136
20,MAT-EN-10001763
20,MAT-PA-10003589
20,MAT-PA-10003844
20,MAT-FI-10004986
20,MAT-CO-10004918
20,MAT-FI-10000564
20,MOV-CA-10000349
20,TEC-TE-10002210
20,MOV-ES-10001838
20,MOV-MO-10004941
20,MAT-CO-10002929
20,MAT-AR-10003657
20,MOV-CA-10002428
20,MOV-MO-10000949
20,TEC-TE-10004449
20,TEC-TE-10000348
20,MAT-AC-10001623
20,MAT-CO-10003946
20,MAT-PA-10001169
20,TEC-CO-10002446
20,MAT-MA-10003531
20,MAT-AR-10004935
20,MOV-ES-10001014
20,MOV-CA-10003698
20,MAT-PA-10004531
19,MAT-CO-10004566
19,MAT-AR-10002707
19,MAT-FI-10001890
19,TEC-AC-10004300
19,TEC-CO-10000544
19,MOV-ES-10003257
19,MAT-CO-10004773
19,TEC-CO-10000153
19,MAT-PA-10002875
19,MOV-CA-10000504
19,MAT-AR-10002099
19,TEC-AC-10001565
19,MAT-ET-10002242
19,MAT-AR-10001308
19,MAT-CO-10000847
19,TEC-CO-10003181
19,MOV-CA-10000733
19,TEC-CO-10003774
19,MAT-AR-10002673
19,MAT-MA-10001660
19,MAT-ET-10001375
19,TEC-TE-10003184
19,TEC-CO-10004663
19,TEC-CO-10002926
19,MAT-FI-10002459
19,TEC-AC-10000117
19,MAT-AR-10003795
19,MAT-PA-10002802
19,MAT-EN-10003284
19,MAT-ET-10003039
19,TEC-AC-10001700
19,MOV-ES-10003100
19,TEC-AC-10003289
19,MAT-CO-10002608
19,MOV-ES-10002183
19,MOV-CA-10000347
19,TEC-CO-10001474
19,MAT-AR-10003464
19,MAT-AR-10004344
19,MOV-ES-10003872
19,TEC-CO-10004255
19,MAT-MA-10002451
19,MAT-AR-10004906
19,MOV-CA-10000318
19,MAT-AR-10002878
19,MAT-MA-10000587
19,MAT-AR-10000744
19,MAT-AR-10000544
19,MAT-FI-10003277
19,MOV-ME-10000701
19,MAT-EN-10001532
19,MAT-EN-10000207
19,MAT-AR-10000456
19,TEC-AC-10000042
19,TEC-CO-10004677
19,MAT-AR-10004658
19,MOV-CA-10002110
19,MOV-ES-10001548
19,MAT-EN-10000353
19,MOV-MO-10003429
19,TEC-CO-10000480
19,MOV-MO-10000727
19,MAT-AC-10002332
19,TEC-AC-10004046
19,MAT-PA-10004809
19,MAT-AR-10004160
19,MAT-AR-10000124
19,TEC-CO-10002053
19,TEC-CO-10000130
18,MAT-AR-10000369
18,MAT-MA-10003288
18,MOV-CA-10001183
18,TEC-CO-10001260
18,MOV-ES-10002838
18,MOV-ES-10003307
18,TEC-AC-10003819
18,MAT-FI-10003793
18,MAT-MA-10004072
18,MAT-MA-10001381
18,TEC-CO-10001622
18,TEC-CO-10000089
18,MAT-EN-10001524
18,MAT-ET-10000835
18,TEC-CO-10001763
18,MAT-EN-10002525
18,TEC-TE-10000934
18,MAT-PA-10000604
18,MOV-ES-10003345
18,MOV-CA-10000711
18,MAT-FI-10000581
18,MAT-FI-10003812
18,TEC-CO-10003783
18,TEC-TE-10003010
18,TEC-CO-10000100
18,TEC-AC-10001101
18,TEC-CO-10002423
18,TEC-TE-10002141
18,MAT-CO-10000354
18,TEC-AC-10003186
18,MAT-AC-10000794
18,MAT-PA-10002540
18,TEC-CO-10001678
18,TEC-CO-10000501
18,MAT-EN-10001820
18,MAT-MA-10000695
18,TEC-TE-10004766
18,MAT-CO-10000790
18,MAT-ET-10004153
18,TEC-CO-10003896
18,MAT-EN-10002292
18,MAT-AC-10003188
18,TEC-TE-10000621
18,MAT-FI-10004421
18,MAT-PA-10002377
18,TEC-TE-10003808
18,TEC-CO-10004833
18,MAT-PA-10002155
18,MAT-AC-10003948
18,MAT-AR-10002762
18,MOV-ES-10000385
18,MOV-ES-10002848
18,MAT-CO-10003063
18,MOV-ES-10002277
18,MOV-MO-10000978
18,MAT-CO-10001559
17,MAT-CO-10001604
17,MAT-PA-10002714
17,MAT-AR-10002107
17,MAT-EN-10000062
17,MAT-MA-10001192
17,TEC-AC-10000584
17,MOV-MO-10003156
17,TEC-TE-10003726
17,MAT-PA-10001401
17,MOV-ME-10003437
17,MAT-PA-10000293
17,MAT-ET-10000611
17,MAT-EN-10003050
17,MAT-EN-10002585
17,MOV-ES-10004160
17,MAT-AR-10002062
17,MAT-PA-10001551
17,MAT-FI-10003405
17,TEC-AC-10003457
17,MOV-MO-10003569
17,MAT-EN-10004129
17,MAT-FI-10000774
17,MOV-ES-10000416
17,MAT-PA-10002516
17,TEC-CO-10004658
17,TEC-AC-10000331
17,MAT-AR-10001751
17,MOV-CA-10003998
17,MOV-ES-10000146
17,TEC-TE-10002183
17,MAT-AR-10002990
17,MAT-AC-10003543
17,MOV-ES-10002320
17,MOV-ES-10004617
17,MOV-MO-10002222
17,MOV-CA-10000109
17,TEC-AC-10000198
17,MOV-CA-10004743
17,MAT-AR-10000939
17,MAT-AR-10002108
17,MAT-EN-10003196
17,MAT-AR-10004276
17,MAT-EN-10004878
17,MAT-PA-10003329
17,MAT-AR-10002298
17,MAT-FI-10001679
17,MAT-PA-10001877
17,TEC-AC-10001296
17,MAT-EN-10003491
17,MAT-ET-10003842
17,TEC-TE-10004216
17,MAT-EN-10001857
17,MAT-AC-10002983
17,MAT-FI-10001855
17,MAT-CO-10002664
17,MAT-CO-10000897
17,MOV-CA-10004440
17,MOV-MO-10000149
17,MAT-CO-10001542
17,MAT-ET-10004809
17,MAT-AR-10003651
17,TEC-TE-10002720
17,MAT-CO-10002822
17,MAT-AR-10000520
17,MOV-MO-10002372
17,MAT-AR-10002683
17,MAT-CO-10004653
17,MAT-EN-10003541
17,MAT-AR-10002050
17,TEC-TE-10001046
17,MOV-ES-10003506
17,MAT-PA-10001824
17,TEC-CO-10004172
16,MAT-ET-10003421
16,TEC-AC-10002911
16,MOV-ES-10004629
16,TEC-CO-10001424
16,MAT-AR-10001274
16,TEC-TE-10002082
16,MAT-ET-10002413
16,MAT-FI-10000853
16,TEC-CO-10004061
16,MAT-AR-10002246
16,TEC-CO-10000779
16,TEC-CO-10003192
16,TEC-TE-10000310
16,MAT-CO-10004966
16,MOV-CA-10002384
16,TEC-CO-10000326
16,MAT-CO-10001570
16,MOV-MO-10002184
16,MAT-AR-10000129
16,MAT-PA-10004901
16,MAT-AR-10001070
16,MOV-CA-10001035
16,MOV-MO-10004304
16,MAT-FI-10002895
16,MAT-AR-10002257
16,MOV-ES-10002355
16,MAT-AR-10003355
16,MAT-ET-10001854
16,MAT-ET-10001887
16,MAT-ET-10001014
16,MOV-ES-10003619
16,MAT-AR-10001232
16,TEC-AC-10002724
16,MAT-MA-10002669
16,MAT-MA-10003705
16,MAT-AR-10000087
16,MAT-AR-10003309
16,MAT-CO-10002631
16,MAT-ET-10002432
16,MAT-MA-10004822
16,TEC-CO-10002392
16,MAT-MA-10001173
16,MOV-MO-10003036
16,MAT-CO-10000097
16,TEC-AC-10001292
16,TEC-CO-10000064
16,MAT-ET-10002272
16,MOV-MO-10002220
16,MAT-CO-10003986
16,MAT-AR-10002249
16,MAT-ET-10000245
16,MAT-EN-10001170
16,MOV-MO-10002446
16,MAT-PA-10001936
16,MAT-AC-10003876
16,MOV-MO-10002918
16,MAT-AC-10001364
16,MAT-ET-10004351
16,MAT-ET-10001945
16,MOV-ES-10000086
16,MOV-CA-10000570
16,MAT-MA-10003148
16,MAT-AC-10001894
15,TEC-CO-10001019
15,MAT-AR-10004523
15,TEC-AC-10001251
15,MAT-ET-10004154
15,MAT-PA-10001609
15,MAT-AR-10004231
15,MOV-MO-10001068
15,MAT-EN-10000514
15,TEC-CO-10000025
15,MAT-MA-10004878
15,MAT-PA-10001948
15,MAT-PA-10002778
15,MAT-CO-10001215
15,MAT-PA-10003043
15,MAT-AC-10000601
15,MAT-AC-10004353
15,MAT-AC-10001158
15,MAT-AR-10002660
15,MAT-CO-10001745
15,MOV-MO-10004456
15,MOV-ME-10002663
15,MAT-CO-10002140
15,TEC-CO-10001022
15,MOV-MO-10002137
15,MAT-AR-10000811
15,MOV-CA-10002283
15,MAT-MA-10004254
15,MAT-CO-10002580
15,MAT-AC-10000575
15,TEC-CO-10003534
15,MAT-CO-10004021
15,TEC-TE-10003450
15,TEC-AC-10003844
15,TEC-TE-10003197
15,TEC-TE-10002376
15,MOV-MO-10001039
15,MAT-AC-10001343
15,MAT-AC-10002830
15,TEC-AC-10003185
15,MOV-MO-10000743
15,MOV-ES-10003278
15,MAT-CO-10004828
15,MAT-MA-10003427
15,MAT-ET-10001969
15,MAT-PA-10001844
15,MAT-EN-10002874
15,TEC-CO-10003274
15,MOV-CA-10003272
15,MOV-MO-10000880
15,MAT-AR-10001158
15,MOV-ES-10000101
15,MAT-AR-10004005
15,TEC-AC-10000736
15,MOV-MO-10000291
15,MAT-AR-10003686
15,TEC-TE-10000135
15,MAT-AR-10002409
15,MAT-PA-10002054
15,MOV-MO-10004370
15,MAT-AR-10001211
15,MAT-ET-10000720
15,TEC-AC-10004330
15,MAT-AR-10001297
15,MAT-CO-10001360
15,MAT-ET-10003981
15,MOV-ES-10002846
15,TEC-TE-10002270
15,MAT-AR-10004128
15,MAT-MA-10003340
15,MOV-MO-10002284
15,MAT-ET-10000308
15,MAT-EN-10003187
15,MAT-EN-10004041
15,MAT-ET-10003268
15,TEC-CO-10001715
15,MOV-MO-10000338
15,MOV-ES-10004956
15,MOV-MO-10000776
15,MOV-ES-10003508
14,MAT-MA-10004865
14,MAT-MA-10003666
14,MOV-ES-10004940
14,TEC-CO-10004311
14,MAT-ET-10002662
14,MAT-AR-10003072
14,MAT-ET-10002671
14,MAT-AR-10003711
14,MAT-AR-10004035
14,MAT-MA-10002748
14,TEC-CO-10004221
14,TEC-TE-10004211
14,TEC-AC-10002900
14,TEC-CO-10004760
14,TEC-MA-10004649
14,MOV-ME-10000784
14,MAT-AR-10004129
14,MAT-MA-10002090
14,MAT-ET-10001687
14,MAT-AR-10002860
14,TEC-TE-10002079
14,MAT-CO-10002467
14,MAT-CO-10001035
14,MOV-ME-10000144
14,MAT-CO-10003958
14,MAT-AR-10001519
14,MOV-CA-10004117
14,MAT-AR-10000310
14,TEC-CO-10003798
14,MAT-FI-10002202
14,MAT-CO-10003655
14,MOV-ES-10003323
14,MAT-MA-10003761
14,MAT-EN-10000772
14,MAT-CO-10001275
14,MAT-MA-10004856
14,MAT-EN-10001388
14,MAT-FI-10004222
14,MAT-AR-10004878
14,MAT-EN-10002041
14,MAT-AR-10004122
14,MOV-MO-10002468
14,MAT-MA-10001797
14,TEC-TE-10003020
14,MAT-CO-10000257
14,MOV-ES-10001528
14,MAT-MA-10004857
14,MOV-MO-10000336
14,MAT-FI-10002403
14,MAT-MA-10003821
14,MOV-CA-10004587
14,TEC-CO-10003483
14,MAT-AR-10004612
14,MAT-MA-10001557
14,MAT-AC-10004138
14,TEC-AC-10001382
14,MAT-AR-10000524
14,MOV-MO-10001685
14,MAT-EN-10000425
14,MAT-FI-10002692
14,MAT-AR-10003284
14,MAT-AC-10001489
14,MOV-ME-10002895
14,MOV-ES-10003096
14,MAT-ET-10001178
14,MAT-EN-10000801
14,MAT-EN-10001831
14,MAT-AR-10004153
14,MAT-MA-10000400
14,MAT-AC-10000178
14,MAT-ET-10001152
14,MAT-CO-10004198
14,TEC-AC-10001768
13,MOV-MO-10000263
13,MAT-ET-10001274
13,MAT-MA-10004762
13,MAT-EN-10001720
13,MOV-ES-10000821
13,MOV-ES-10003211
13,TEC-CO-10004032
13,MAT-ET-10003076
13,TEC-CO-10000083
13,MAT-MA-10000128
13,TEC-MA-10000379
13,MOV-ME-10000003
13,MAT-MA-10002078
13,TEC-AC-10001923
13,MAT-AR-10002156
13,MAT-MA-10001130
13,TEC-AC-10002777
13,TEC-AC-10004074
13,TEC-AC-10004490
13,MAT-AC-10002405
13,TEC-CO-10001008
13,MAT-AR-10001630
13,TEC-MA-10003736
13,TEC-AC-10004250
13,MAT-CO-10004597
13,MAT-AC-10000261
13,MAT-CO-10002650
13,TEC-AC-10004326
13,TEC-MA-10001040
13,MAT-PA-10000347
13,MAT-MA-10004043
13,TEC-MA-10000852
13,MAT-AC-10002557
13,MAT-EN-10001447
13,MAT-FI-10000781
13,MAT-AR-10002152
13,MOV-ES-10002917
13,MAT-AR-10002622
13,MAT-MA-10004466
13,MAT-AR-10000724
13,MAT-FI-10000795
13,MAT-MA-10003524
13,MOV-CA-10001047
13,TEC-TE-10000876
13,MAT-ET-10002834
13,MAT-ET-10004573
13,MAT-EN-10000953
13,MAT-CO-10002707
13,MOV-ME-10000666
13,MAT-FI-10001330
13,MOV-MO-10000763
13,MAT-AC-10000080
13,MOV-CA-10002699
13,TEC-TE-10004399
13,MAT-CO-10003605
13,MAT-PA-10000104
13,MAT-CO-10004909
13,MOV-MO-10000525
13,MAT-PA-10004818
13,MAT-AC-10004675
13,TEC-AC-10000044
13,MAT-PA-10002115
13,MAT-CO-10002743
13,TEC-AC-10001858
13,MAT-PA-10002621
13,MOV-CA-10000075
13,MAT-ET-10002645
13,TEC-CO-10001968
13,MAT-CO-10003438
13,MAT-AC-10004422
12,MAT-EN-10000752
12,MAT-MA-10000991
12,MAT-AR-10003872
12,MOV-MO-10000148
12,MAT-AC-10003110
12,MOV-ME-10001141
12,MAT-CO-10002296
12,MOV-ES-10000278
12,MAT-ET-10002923
12,MOV-ME-10000023
12,MAT-PA-10000158
12,TEC-AC-10004360
12,MAT-PA-10004145
12,MAT-PA-10000989
12,TEC-TE-10000105
12,MAT-PA-10003461
12,MAT-AR-10004626
12,MOV-ES-10003381
12,MAT-AR-10001263
12,MAT-ET-10000424
12,MAT-AR-10003216
12,TEC-MA-10001347
12,MAT-AC-10000766
12,MAT-ET-10003375
12,MOV-CA-10003792
12,MAT-MA-10000771
12,MAT-MA-10002434
12,MOV-ES-10001576
12,MOV-ES-10004335
12,MAT-AR-10004158
12,MAT-ET-10003122
12,MAT-ET-10003409
12,MAT-AR-10001863
12,MAT-AR-10002983
12,TEC-AC-10002771
12,TEC-TE-10003739
12,MOV-ES-10000918
12,MAT-MA-10000927
12,MAT-CO-10000909
12,TEC-CO-10000374
12,MAT-AC-10002505
12,MOV-MO-10002017
12,MAT-ET-10004445
12,MAT-ET-10001569
12,MOV-MO-10001074
12,TEC-CO-10004361
12,MAT-EN-10003851
12,MAT-EN-10001448
12,TEC-TE-10004070
12,MAT-MA-10002387
12,MOV-MO-10004198
12,MAT-CO-10003399
12,TEC-AC-10001621
12,TEC-CO-10001948
12,MAT-MA-10001540
12,MAT-EN-10004119
12,MOV-CA-10002789
12,TEC-AC-10004859
12,TEC-MA-10001663
12,MOV-CA-10004736
12,MAT-MA-10002204
12,MOV-ES-10004288
12,TEC-TE-10001448
12,MAT-PA-10000298
12,MOV-ES-10000644
12,MAT-AR-10003653
12,MAT-EN-10001156
12,MAT-AC-10001496
12,MAT-ET-10004412
12,TEC-AC-10000750
12,MOV-ME-10000440
12,MAT-MA-10003067
11,MOV-ME-10003990
11,MAT-MA-10000135
11,TEC-TE-10001520
11,MAT-AR-10001733
11,MAT-CO-10002834
11,MAT-AR-10000268
11,MAT-EN-10001401
11,MAT-AC-10002434
11,MAT-AR-10001438
11,MAT-PA-10004756
11,MAT-AR-10003076
11,TEC-AC-10001824
11,MAT-PA-10002927
11,MAT-PA-10004130
11,MOV-MO-10001433
11,MAT-ET-10002817
11,MAT-AR-10000363
11,TEC-MA-10001174
11,TEC-MA-10001903
11,TEC-MA-10003622
11,TEC-CO-10000254
11,TEC-TE-10003283
11,MOV-ES-10002780
11,MAT-ET-10000372
11,MAT-AR-10000127
11,TEC-CO-10002180
11,MAT-MA-10002708
11,MAT-AR-10000299
11,TEC-AC-10000904
11,TEC-MA-10003575
11,MAT-CO-10002806
11,MOV-ME-10003027
11,TEC-TE-10003369
11,MAT-MA-10002408
11,MAT-AC-10002280
11,TEC-CO-10003597
11,MAT-AR-10002704
11,MAT-EN-10003626
11,MOV-MO-10000316
11,MAT-AR-10004216
11,MAT-AC-10001722
11,MOV-ES-10002970
11,MAT-AC-10002970
11,MAT-PA-10002164
11,MAT-ET-10001174
11,MAT-EN-10004999
11,MAT-PA-10003501
11,TEC-TE-10000599
11,MAT-EN-10001433
11,TEC-AC-10002602
11,TEC-TE-10004999
11,TEC-MA-10001773
11,MAT-AC-10000611
11,MAT-ET-10002458
11,TEC-AC-10001917
11,MOV-ME-10001849
11,MAT-EN-10002977
11,MAT-AR-10002384
11,MAT-FI-10003101
11,MOV-ME-10003155
11,MAT-PA-10000692
11,MAT-AC-10000709
11,MAT-CO-10001823
11,TEC-TE-10001215
11,MOV-MO-10001780
11,MAT-CO-10001618
11,MAT-AC-10002057
11,MAT-AR-10002111
11,MOV-ES-10002435
11,MOV-CA-10000839
11,TEC-TE-10004351
11,MOV-ES-10000253
10,TEC-AC-10004212
10,MAT-AC-10003958
10,MAT-PA-10003287
10,MAT-AR-10002419
10,MOV-ME-10000014
10,TEC-TE-10001685
10,MAT-MA-10002869
10,MAT-ET-10003045
10,MAT-ET-10004879
10,MOV-ES-10003082
10,MAT-CO-10000971
10,TEC-AC-10000999
10,MAT-ET-10001841
10,MOV-ME-10004427
10,MOV-MO-10004599
10,MOV-MO-10000193
10,MOV-ME-10003318
10,TEC-AC-10001873
10,MAT-MA-10000566
10,TEC-CO-10000737
10,TEC-TE-10003531
10,MOV-MO-10003862
10,MOV-MO-10002070
10,MAT-MA-10003732
10,MAT-AC-10001114
10,TEC-CO-10003853
10,MAT-CO-10000559
10,MAT-CO-10003925
10,MAT-ET-10001492
10,MAT-EN-10004578
10,MOV-MO-10004076
10,TEC-CO-10000278
10,MAT-ET-10001653
10,MAT-FI-10000728
10,MOV-ES-10000635
10,MAT-PA-10003855
10,MAT-ET-10002591
10,MAT-CO-10004631
10,MOV-MO-10004273
10,MAT-EN-10003712
10,MAT-CO-10001922
10,TEC-MA-10001199
10,TEC-AC-10003719
10,MOV-MO-10003775
10,MOV-ES-10004275
10,TEC-MA-10001128
10,MAT-PA-10002892
10,MAT-AR-10004087
10,MOV-ME-10004877
10,MOV-ME-10000457
10,MAT-MA-10002046
10,TEC-CO-10004237
10,MAT-AC-10004309
10,MOV-ME-10000738
10,MOV-CA-10000196
10,TEC-AC-10004280
10,MAT-AC-10004659
10,MAT-ET-10000056
10,TEC-TE-10002603
10,MOV-CA-10004862
10,MAT-PA-10003781
10,MAT-ET-10004056
10,TEC-TE-10000856
10,TEC-AC-10003261
9,MAT-FI-10004134
9,MAT-AC-10004744
9,MAT-PA-10000442
9,MAT-MA-10001079
9,MAT-CO-10001828
9,MAT-ET-10003504
9,MAT-MA-10001165
9,MOV-MO-10000746
9,TEC-TE-10003663
9,TEC-AC-10001749
9,MAT-MA-10004447
9,MAT-CO-10004913
9,MAT-AR-10004925
9,TEC-MA-10000777
9,MAT-EN-10002055
9,TEC-CO-10001684
9,MAT-AC-10004362
9,TEC-CO-10001365
9,MAT-AC-10000241
9,TEC-AC-10000201
9,MAT-CO-10002548
9,MAT-AR-10001443
9,TEC-MA-10001550
9,MOV-MO-10004135
9,MAT-CO-10002418
9,MAT-AC-10000803
9,TEC-TE-10000655
9,MAT-MA-10000764
9,MAT-MA-10004782
9,MOV-ME-10000768
9,TEC-AC-10004416
9,MAT-PA-10003232
9,MOV-CA-10002273
9,TEC-AC-10003601
9,MOV-MO-10001379
9,TEC-AC-10003964
9,MAT-AC-10001960
9,TEC-TE-10001064
9,MAT-ET-10000551
9,TEC-AC-10000655
9,TEC-MA-10002695
9,MOV-ES-10003421
9,MAT-AR-10000872
9,MAT-MA-10003902
9,MAT-AR-10003466
9,MAT-EN-10001457
9,TEC-TE-10001806
9,MAT-ET-10003275
9,MOV-ES-10003834
9,TEC-TE-10001581
9,TEC-AC-10004435
9,MOV-ME-10002608
9,MAT-FI-10003477
9,MOV-ES-10002598
9,MOV-MO-10004824
9,MAT-ET-10004058
9,MAT-ET-10001101
9,TEC-CO-10004657
9,MAT-AC-10000329
9,MAT-PA-10000829
9,TEC-CO-10004844
9,MAT-ET-10001828
9,MAT-MA-10004840
9,MAT-CO-10004709
9,MOV-ES-10001489
9,TEC-CO-10003786
9,TEC-MA-10003081
9,MAT-MA-10001979
9,MAT-AC-10004176
9,MAT-ET-10000311
9,MAT-MA-10003883
8,MAT-CO-10002359
8,TEC-TE-10002130
8,MAT-EN-10004839
8,TEC-TE-10002282
8,MAT-AC-10003547
8,MAT-AC-10004511
8,MOV-ME-10002977
8,TEC-MA-10000126
8,MAT-AC-10004265
8,MAT-AC-10000427
8,TEC-AC-10000623
8,TEC-TE-10004691
8,TEC-MA-10004036
8,MOV-ME-10002205
8,MAT-MA-10001589
8,MAT-AC-10003848
8,MAT-MA-10000818
8,TEC-CO-10004586
8,MAT-EN-10002602
8,TEC-MA-10004627
8,MAT-AC-10003923
8,TEC-AC-10004650
8,MOV-ME-10001783
8,MAT-EN-10002176
8,MAT-MA-10001257
8,TEC-MA-10002733
8,TEC-MA-10001338
8,MAT-MA-10004605
8,MAT-PA-10004268
8,MOV-ME-10000472
8,TEC-MA-10003471
8,MAT-MA-10003578
8,MAT-EN-10003303
8,MAT-AR-10003594
8,MOV-ES-10002031
8,TEC-MA-10000264
8,MAT-AR-10003712
8,TEC-TE-10004227
8,MAT-CO-10002602
8,MOV-ES-10000189
8,MAT-AR-10004717
8,MAT-EN-10000186
8,MOV-MO-10002574
8,TEC-TE-10002063
8,TEC-CO-10001829
8,TEC-MA-10003388
8,MOV-ME-10003986
8,MOV-ME-10002509
8,MOV-MO-10004561
8,MAT-MA-10003308
8,MOV-CA-10003032
8,MAT-AR-10000117
8,MAT-FI-10004997
8,TEC-TE-10001169
8,MAT-PA-10000427
8,TEC-CO-10003566
8,MAT-EN-10004281
8,MOV-ME-10000592
8,TEC-CO-10002886
8,TEC-CO-10000886
8,MAT-ET-10001057
8,MOV-CA-10003953
8,TEC-TE-10003112
8,MAT-PA-10000852
8,MOV-ME-10004732
8,MOV-CA-10003797
8,MAT-EN-10001062
8,MOV-ME-10003043
7,MAT-AR-10001911
7,MOV-ES-10003589
7,TEC-MA-10001974
7,TEC-MA-10001235
7,MAT-PA-10000932
7,MOV-ES-10000362
7,TEC-CO-10003314
7,MAT-AC-10002083
7,MAT-AC-10000780
7,MAT-ET-10002019
7,MAT-CO-10000812
7,MOV-ME-10003565
7,MAT-AC-10000856
7,TEC-MA-10003761
7,MAT-MA-10003329
7,TEC-CO-10003549
7,MOV-ES-10002212
7,MAT-AC-10001020
7,MAT-EN-10000644
7,TEC-MA-10002924
7,TEC-MA-10001372
7,MOV-MO-10002825
7,MAT-ET-10003791
7,TEC-CO-10004186
7,MAT-AC-10003439
7,MAT-CO-10003107
7,TEC-MA-10002867
7,TEC-MA-10001747
7,MAT-PA-10002592
7,MOV-ME-10000599
7,MAT-AC-10001680
7,MAT-MA-10000447
7,MAT-PA-10003597
7,MAT-AC-10004304
7,MOV-ES-10002845
7,MAT-AR-10003575
7,MOV-ME-10002374
7,MAT-AR-10001941
7,MAT-PA-10004902
7,MAT-AR-10003008
7,MAT-MA-10002705
7,MOV-ME-10004392
7,MAT-AC-10000354
7,MAT-FI-10004692
7,MAT-MA-10000114
7,MOV-MO-10002392
7,MOV-ME-10003179
7,MAT-EN-10002256
7,MAT-AR-10002827
7,TEC-MA-10004628
7,MAT-CO-10000035
7,TEC-CO-10001151
7,MAT-MA-10001016
7,MAT-AC-10001948
7,TEC-TE-10003572
7,MOV-ES-10004981
7,MOV-MO-10000954
7,MOV-MO-10000242
7,MAT-FI-10001482
7,MAT-CO-10004749
7,TEC-AC-10003591
7,MOV-ME-10003638
7,MOV-MO-10004994
7,MAT-PA-10003006
7,MOV-ME-10004844
7,MAT-AR-10001385
7,MAT-ET-10000269
7,MAT-AC-10002105
7,MAT-AR-10001323
7,MOV-MO-10002709
7,MAT-PA-10002614
7,MAT-AR-10000311
7,MAT-AC-10003704
6,MAT-CO-10003965
6,MAT-EN-10003609
6,MOV-ME-10004571
6,MAT-PA-10003261
6,MOV-ME-10001758
6,MAT-MA-10002650
6,MOV-ME-10000016
6,MOV-MO-10000216
6,TEC-TE-10000705
6,MAT-AR-10000703
6,MAT-EN-10003876
6,MAT-ET-10001234
6,MAT-ET-10002057
6,MAT-PA-10000754
6,MOV-ME-10000654
6,MOV-ME-10000476
6,MAT-CO-10003952
6,MAT-AC-10004898
6,MAT-AR-10002484
6,TEC-AC-10004470
6,TEC-MA-10002216
6,TEC-MA-10004859
6,TEC-MA-10000736
6,TEC-TE-10004092
6,MAT-MA-10004055
6,MOV-ME-10000013
6,TEC-MA-10000905
6,TEC-TE-10003505
6,MAT-PA-10000049
6,MOV-ME-10004532
6,TEC-MA-10002941
6,MAT-CO-10000358
6,MAT-AR-10003675
6,MAT-FI-10000832
6,MAT-FI-10004304
6,MAT-EN-10001671
6,MAT-CO-10000327
6,MAT-PA-10000038
6,MOV-ME-10001803
6,MAT-AC-10002721
6,MOV-ES-10000358
6,MAT-PA-10004029
6,MOV-ES-10002152
6,MOV-ME-10004066
6,TEC-AC-10001661
6,MOV-MO-10003670
6,MOV-ES-10004369
6,MAT-EN-10002939
6,MAT-AR-10004951
6,MOV-ES-10003797
6,MAT-AC-10003906
6,MAT-AR-10002030
6,TEC-CO-10003348
5,MAT-AR-10003353
5,MAT-EN-10003920
5,MAT-AC-10003561
5,MAT-CO-10003068
5,MOV-ME-10002836
5,MAT-PA-10000033
5,MAT-MA-10003914
5,MOV-ME-10003040
5,MAT-AC-10000168
5,MAT-AR-10002123
5,TEC-CO-10004555
5,MOV-ME-10000977
5,MAT-MA-10000641
5,MAT-AC-10004810
5,MAT-AC-10004920
5,MAT-AR-10003005
5,MAT-AC-10000904
5,TEC-MA-10004537
5,MOV-ME-10001851
5,MAT-ET-10001074
5,MAT-AC-10000490
5,MOV-MO-10004094
5,TEC-MA-10004948
5,TEC-TE-10002484
5,TEC-MA-10003552
5,TEC-CO-10004672
5,MOV-ME-10000269
5,MOV-ME-10003349
5,TEC-TE-10003094
5,MAT-CO-10004825
5,MAT-FI-10003319
5,MAT-AR-10002327
5,MAT-FI-10003324
5,TEC-MA-10004359
5,TEC-TE-10002332
5,MAT-CO-10002427
5,MOV-ME-10002252
5,TEC-CO-10004540
5,MOV-MO-10004443
5,MAT-PA-10004495
5,MOV-ME-10000647
5,MAT-AC-10000414
5,TEC-TE-10002310
5,MOV-ME-10004838
5,MOV-ES-10003729
5,MAT-AR-10000783
5,MOV-CA-10000643
5,MAT-AC-10000883
5,TEC-MA-10000586
5,MAT-AR-10001034
5,TEC-TE-10004987
5,MAT-AR-10002276
5,MOV-ME-10000211
5,MAT-PA-10004841
5,MAT-EN-10001084
5,MOV-ME-10003409
5,MOV-ME-10003373
5,MOV-ES-10003467
5,MOV-ES-10000936
5,MAT-CO-10003694
5,MAT-AC-10004299
5,MAT-AC-10000028
5,TEC-MA-10001999
5,MAT-CO-10003184
5,MAT-MA-10004912
5,MOV-ES-10002107
5,MOV-ES-10002901
5,TEC-CO-10000790
5,TEC-CO-10001933
5,MOV-MO-10002107
5,MAT-AC-10003041
5,MAT-AC-10000660
5,TEC-TE-10002009
5,MAT-AC-10003379
5,TEC-MA-10002147
5,MOV-CA-10003805
5,MAT-FI-10003303
5,TEC-TE-10000810
5,MOV-CA-10003784
5,MAT-EN-10001501
5,TEC-TE-10003794
5,MAT-AC-10000332
5,MAT-EN-10000957
5,TEC-TE-10004096
5,MAT-AR-10002186
5,MAT-MA-10001290
5,MOV-ME-10001335
5,MAT-FI-10001099
5,MOV-ES-10000664
5,TEC-AC-10001906
5,TEC-AC-10001441
5,MAT-EN-10001567
5,MAT-FI-10002665
5,MAT-AC-10001395
5,MOV-CA-10003670
5,MAT-AC-10000237
5,MAT-AC-10004361
5,MAT-CO-10001412
5,MAT-AR-10000155
5,MAT-EN-10000492
5,MOV-ES-10002930
5,MAT-AC-10000747
4,MOV-ES-10003949
4,MAT-MA-10004197
4,TEC-CO-10004038
4,MOV-ME-10004432
4,TEC-MA-10003116
4,MAT-ET-10000675
4,TEC-MA-10000304
4,MAT-MA-10000357
4,MAT-AC-10004452
4,MOV-ES-10003224
4,TEC-CO-10002397
4,TEC-MA-10003754
4,MOV-CA-10004663
4,TEC-MA-10000856
4,MAT-AR-10001128
4,MOV-ME-10002320
4,TEC-TE-10002189
4,MAT-EN-10002583
4,MOV-ME-10002382
4,MOV-ME-10000951
4,TEC-MA-10002139
4,MAT-PA-10002327
4,MOV-ES-10002500
4,MAT-ET-10000808
4,TEC-MA-10004951
4,TEC-TE-10000628
4,MAT-AR-10004019
4,MOV-ME-10004157
4,MAT-AR-10000176
4,MOV-ES-10002801
4,MAT-ET-10001733
4,TEC-MA-10004847
4,TEC-TE-10002473
4,MAT-MA-10004744
4,MOV-ME-10004706
4,MAT-ET-10001405
4,MOV-ME-10003247
4,MOV-MO-10001948
4,TEC-CO-10003821
4,MAT-CO-10004202
4,TEC-TE-10004793
4,MOV-ME-10000268
4,MOV-ES-10000008
4,MAT-AR-10004964
4,MAT-AR-10003532
4,MAT-CO-10004592
4,MAT-AC-10000765
4,TEC-MA-10004954
4,MOV-ME-10003832
4,TEC-MA-10000118
4,MAT-AR-10002072
4,TEC-MA-10004356
4,TEC-AC-10004064
4,MOV-ES-10002499
4,MAT-AC-10002530
4,MAT-PA-10002564
4,MOV-ME-10003357
4,MAT-FI-10000939
4,MAT-AR-10002849
4,MAT-ET-10000935
4,MAT-AR-10001387
4,MOV-MO-10003980
4,MAT-PA-10004544
4,MAT-MA-10002550
4,MOV-CA-10004639
4,MOV-ME-10003522
3,MAT-FI-10002026
3,MAT-MA-10002111
3,TEC-TE-10001535
3,MAT-EN-10004251
3,MOV-ME-10004436
3,TEC-AC-10000319
3,MAT-FI-10000824
3,MAT-CO-10004243
3,MAT-EN-10003164
3,TEC-MA-10004494
3,MAT-ET-10004237
3,MAT-AR-10001098
3,MAT-EN-10000606
3,MAT-PA-10001605
3,MOV-CA-10001583
3,TEC-AC-10004658
3,MOV-CA-10004481
3,TEC-MA-10004661
3,MAT-AC-10004421
3,MAT-CO-10001901
3,MAT-PA-10004044
3,MAT-EN-10003658
3,TEC-MA-10004683
3,MOV-ME-10002119
3,TEC-MA-10002605
3,MOV-CA-10001798
3,MAT-FI-10000419
3,MAT-AC-10003756
3,MAT-ET-10002903
3,MAT-AR-10004882
3,MOV-ME-10002542
3,MOV-MO-10004643
3,MOV-CA-10003677
3,TEC-AC-10004676
3,TEC-AC-10002843
3,MOV-ES-10002607
3,TEC-TE-10002792
3,MAT-ET-10000644
3,MOV-ME-10001673
3,MOV-ME-10004928
3,MOV-MO-10003998
3,MAT-AC-10003019
3,MOV-CA-10000054
3,TEC-MA-10003402
3,MOV-CA-10001473
3,MOV-ME-10003943
3,TEC-MA-10004560
3,MAT-AC-10003200
3,MOV-ES-10001620
3,MAT-AC-10003475
3,MAT-FI-10000950
3,TEC-CO-10000946
3,MOV-MO-10002541
3,MOV-CA-10003560
3,MAT-CO-10001175
3,TEC-AC-10002226
3,MOV-ME-10000462
3,MOV-MO-10001012
3,MAT-AC-10001308
3,MAT-PA-10003776
3,TEC-CO-10004499
3,MOV-ME-10002716
3,MOV-MO-10001463
3,MOV-CA-10002033
3,MOV-ES-10004062
3,MAT-AC-10002648
3,MAT-FI-10003992
3,MAT-AC-10002103
3,MOV-ES-10002057
3,TEC-CO-10001537
3,TEC-AC-10004213
3,MAT-AR-10002159
3,TEC-MA-10002989
3,MAT-AC-10004992
3,MAT-EN-10002850
3,MAT-ET-10000384
3,MAT-CO-10003632
3,MAT-CO-10000633
3,MOV-ME-10000604
3,MAT-ET-10003909
3,TEC-MA-10000556
3,MAT-AC-10003595
3,TEC-AC-10004084
3,MOV-ES-10000556
3,MOV-ME-10002404
3,MAT-EN-10001954
3,TEC-AC-10000435
3,MAT-AC-10003894
3,MOV-ME-10002394
3,TEC-TE-10002027
3,TEC-CO-10001292
3,MOV-ES-10003708
3,TEC-MA-10003308
3,MOV-ME-10000857
3,TEC-AC-10000853
3,MOV-MO-10000202
3,TEC-MA-10004275
3,TEC-CO-10002381
3,TEC-TE-10003859
3,MAT-CO-10002295
3,MAT-PA-10000076
3,MOV-CA-10000806
3,MOV-MO-10004398
2,MAT-AC-10002496
2,TEC-TE-10002699
2,TEC-MA-10000081
2,MOV-CA-10003802
2,MAT-AR-10002266
2,MAT-AC-10001097
2,MAT-AR-10002721
2,MAT-PA-10001661
2,MAT-PA-10000558
2,MAT-ET-10001564
2,MAT-AC-10001024
2,TEC-AC-10000847
2,MOV-ES-10003288
2,TEC-CO-10001987
2,MOV-ME-10003329
2,MOV-ME-10000799
2,TEC-MA-10003749
2,MAT-EN-10000534
2,MOV-ME-10000670
2,MAT-FI-10003199
2,TEC-CO-10004700
2,MOV-CA-10002210
2,MOV-ES-10002924
2,MAT-AC-10004012
2,MAT-AR-10003885
2,TEC-MA-10002661
2,MOV-ME-10001165
2,TEC-MA-10003703
2,MOV-CA-10000234
2,TEC-TE-10001869
2,MAT-AR-10004289
2,TEC-CO-10004853
2,TEC-AC-10004358
2,MAT-AR-10000904
2,MAT-MA-10003625
2,MOV-ME-10001403
2,MOV-MO-10002862
2,TEC-MA-10004541
2,MAT-AC-10002480
2,MAT-MA-10004271
2,MAT-FI-10000823
2,MAT-MA-10004198
2,MAT-FI-10001985
2,MOV-ME-10002563
2,MOV-ME-10001135
2,MAT-PA-10000339
2,TEC-MA-10001544
2,MOV-ME-10001285
2,MAT-AR-10003608
2,MOV-ME-10004736
2,MAT-PA-10001420
2,MOV-ME-10001414
2,MAT-ET-10001956
2,MAT-EN-10000409
2,TEC-MA-10002851
2,TEC-TE-10002177
2,TEC-AC-10003553
2,TEC-CO-10002994
2,MAT-EN-10001895
2,MAT-AC-10004574
2,TEC-AC-10000734
2,MOV-MO-10003797
2,MAT-AC-10004329
2,MAT-CO-10002480
2,TEC-MA-10000198
2,MAT-FI-10000258
2,MAT-EN-10004867
2,TEC-MA-10001780
2,MAT-CO-10002163
2,TEC-MA-10001951
2,MOV-ME-10002011
2,MOV-ME-10001830
2,MAT-FI-10001068
2,MAT-CO-10002923
2,MAT-AR-10001202
2,TEC-MA-10003568
2,TEC-AC-10004774
2,TEC-TE-10001978
2,MAT-AC-10004868
2,MOV-ME-10003195
2,MAT-AR-10000379
2,MAT-AC-10000039
2,MOV-CA-10002389
2,MOV-ES-10003250
1,MAT-CO-10002335
1,MAT-PA-10004600
1,MAT-FI-10002260
1,MAT-AR-10003470
1,TEC-AC-10001992
1,MAT-EN-10002330
1,MAT-AC-10001657
1,MAT-MA-10000335
1,TEC-AC-10002308
1,TEC-AC-10004003
1,MOV-CA-10001846
1,MAT-ET-10000587
1,MAT-PA-10003541
1,MAT-AC-10002462
1,TEC-MA-10001856
1,TEC-MA-10002804
1,MOV-ME-10004442
1,MOV-ME-10001014
1,MAT-FI-10003125
1,MOV-ME-10003331
1,MAT-PA-10000595
1,MOV-ME-10002143
1,MAT-PA-10001648
1,MAT-AC-10001078
1,MOV-CA-10004691
1,MOV-ME-10000585
