45078.164,TEC-TE-10002243
33878.32,MOV-CA-10001195
32832.918,MOV-ES-10001606
32366.96,TEC-TE-10000636
32204.24,TEC-AC-10000310
29997.96,MOV-ES-10004606
28176.2,MAT-AC-10003948
28017.96,MOV-ES-10002397
26477.305,TEC-CO-10001549
26171.6,TEC-TE-10001342
25971.4,TEC-AC-10004216
25655.0,TEC-AC-10001054
24116.6,MOV-CA-10002633
23150.398,TEC-TE-10002079
21423.92,MOV-CA-10004202
21177.0,MOV-ES-10004961
20046.6,MAT-AR-10003516
19882.4,MOV-ES-10000469
18751.562,MAT-AC-10004881
18245.92,MOV-CA-10003678
17721.145,TEC-CO-10003448
17357.8,TEC-AC-10000168
17015.035,TEC-CO-10000025
16239.601,MAT-AC-10004675
16018.266,TEC-CO-10000694
15983.201,MOV-CA-10001979
14861.351,TEC-CO-10003192
14784.36,MAT-AR-10001101
14634.24,TEC-AC-10000251
14625.6,MAT-AC-10002466
14264.538,TEC-CO-10004061
14183.457,TEC-CO-10000083
14068.8,TEC-TE-10000934
13761.6,MAT-AC-10000427
13672.557,TEC-CO-10002822
13377.04,MOV-CA-10003933
13228.88,MOV-CA-10004369
13190.439,MAT-AC-10000080
13105.8,MAT-AC-10004176
13098.84,MOV-CA-10001506
12814.44,MOV-ES-10003278
12800.439,MOV-CA-10001833
12264.641,MOV-CA-10001628
12251.801,TEC-TE-10004351
12187.24,MAT-AC-10004353
11805.0,MOV-CA-10000733
11804.414,TEC-CO-10001763
11702.12,MOV-ES-10004288
11673.803,TEC-CO-10001678
11502.4,MOV-ES-10002310
10896.8,MAT-AR-10000936
10851.439,MAT-AC-10002057
10810.079,MOV-ES-10000749
10773.36,TEC-TE-10004881
10623.825,TEC-CO-10003783
10606.0,MAT-AR-10002688
10540.2,MOV-CA-10001949
10500.866,TEC-CO-10002423
10446.24,MOV-CA-10002523
9919.109,TEC-CO-10004698
9891.0,TEC-AC-10003185
9840.0,TEC-TE-10003112
9826.52,MOV-ES-10000624
9819.85,TEC-CO-10004780
9775.0,TEC-TE-10000200
9771.491,TEC-CO-10002825
9770.229,TEC-CO-10004032
9701.543,TEC-CO-10004658
9698.4,MOV-CA-10002789
9599.291,TEC-CO-10003959
9597.046,TEC-CO-10003504
9587.826,TEC-CO-10001192
9587.279,MOV-CA-10000755
9445.571,TEC-CO-10000089
9315.994,TEC-CO-10003089
9226.359,MAT-AC-10000709
9158.133,TEC-CO-10003215
9025.312,TEC-CO-10000064
8983.2,MAT-AC-10000766
8891.961,MOV-ES-10001900
8788.12,MOV-ES-10004190
8779.6,MOV-ES-10004894
8778.48,TEC-TE-10001459
8743.68,MAT-AR-10000892
8708.24,TEC-TE-10004869
8586.089,TEC-CO-10001917
8465.64,TEC-TE-10003661
8437.2,MOV-ES-10001334
8389.4,MOV-ES-10001489
8343.32,MOV-ES-10001953
8261.217,TEC-CO-10002446
7916.7197,MOV-ES-10004160
7904.8237,TEC-CO-10001948
7868.604,TEC-CO-10000501
7797.2,MAT-AC-10001496
7744.0,MOV-ES-10003619
7728.88,MOV-CA-10001756
7616.0,TEC-TE-10004369
7610.4,TEC-TE-10004696
7592.3604,MOV-ES-10002892
7557.7603,MAT-AC-10001489
7556.32,MOV-CA-10001035
7493.4004,TEC-AC-10002724
7466.4,MOV-CA-10000570
7364.2,TEC-AC-10002042
7328.96,TEC-TE-10004559
7297.3604,MOV-CA-10001218
7280.0,MAT-AC-10001364
7277.4004,MAT-AC-10001960
7238.4,TEC-AC-10004859
7168.2,TEC-MA-10001040
7055.76,MOV-CA-10002911
7027.2,TEC-TE-10000628
7025.76,TEC-TE-10000976
6989.04,MAT-AR-10002851
6986.161,TEC-CO-10000698
6890.88,MOV-ME-10002977
6863.24,MAT-AR-10002671
6781.2,MOV-ES-10000644
6726.96,MAT-AR-10003992
6713.2,MAT-AR-10000604
6629.3604,MOV-CA-10000729
6623.76,MAT-AC-10000575
6597.6,MOV-ES-10004335
6513.0,MAT-AC-10002830
6510.1597,MOV-ME-10002895
6433.2,MOV-ME-10003040
6421.2,MOV-ES-10004940
6413.7607,MOV-ES-10003345
6379.8,MOV-ES-10004633
6333.5996,MAT-AR-10004122
6326.8213,TEC-CO-10001829
6310.72,MAT-AC-10000178
6304.2,MOV-CA-10001755
6299.092,TEC-CO-10003774
6286.4,MOV-ME-10003357
6150.5996,TEC-MA-10000777
6109.12,TEC-TE-10000348
6102.016,TEC-CO-10000779
6076.96,MOV-CA-10001401
6051.2,TEC-AC-10002935
6023.1997,TEC-TE-10004136
6020.0,MOV-CA-10002269
6017.28,MOV-CA-10000946
6009.44,MOV-MO-10001297
6002.28,MOV-ES-10003570
6001.8,MOV-CA-10004084
6001.52,MOV-CA-10004117
5913.0,MOV-CA-10003020
5854.7764,TEC-CO-10003597
5828.72,TEC-AC-10003967
5827.96,MOV-MO-10001597
5797.32,MOV-ES-10004976
5763.2,MAT-AC-10003876
5702.997,TEC-CO-10004833
5698.1997,MOV-CA-10003217
5683.2,MOV-ME-10000472
5649.84,MOV-CA-10004353
5635.4,MOV-ME-10002205
5559.84,TEC-AC-10004136
5552.896,TEC-CO-10004173
5548.0,TEC-MA-10001199
5546.754,TEC-CO-10000153
5528.48,TEC-AC-10004990
5525.88,MOV-ES-10002342
5525.352,TEC-CO-10004663
5513.2,MAT-AR-10000524
5507.04,MAT-AR-10000276
5492.6875,TEC-CO-10001474
5437.1064,TEC-CO-10001826
5423.04,MAT-AC-10004265
5339.8,MAT-AC-10002035
5332.8,TEC-MA-10000379
5304.56,MAT-AC-10001114
5259.2397,MOV-ES-10001014
5256.953,TEC-CO-10001366
5241.2188,TEC-CO-10001260
5234.88,MOV-ES-10003100
5163.658,TEC-CO-10004172
5163.6,TEC-TE-10000705
5157.36,TEC-TE-10002376
5153.84,TEC-TE-10003922
5119.08,MOV-ME-10000440
5111.96,MOV-ES-10003506
5057.76,MAT-EN-10001187
5056.6035,TEC-CO-10004255
5036.4,MAT-AC-10004898
4968.8,TEC-TE-10000783
4965.004,TEC-CO-10002761
4960.36,MOV-CA-10000433
4929.0,MOV-ES-10003307
4901.4,MOV-ES-10004807
4854.903,TEC-CO-10002180
4849.2,MOV-ME-10000457
4842.36,MOV-ME-10002663
4825.12,MAT-MA-10003011
4815.337,TEC-CO-10000480
4784.0,TEC-AC-10004053
4769.8,MAT-AC-10001020
4678.4004,MAT-PA-10000202
4664.64,MAT-MA-10005000
4661.76,MOV-CA-10002043
4645.1997,TEC-AC-10003897
4626.16,MAT-AR-10001938
4607.4,TEC-AC-10002686
4536.6396,MOV-ES-10000253
4528.6396,MAT-AR-10003420
4494.16,TEC-AC-10000201
4448.0,TEC-TE-10002082
4436.9277,TEC-CO-10000326
4425.6,TEC-AC-10002860
4393.4,TEC-TE-10004999
4292.76,TEC-TE-10003283
4276.58,MOV-ME-10000784
4232.08,MOV-ME-10002509
4218.2397,TEC-AC-10002265
4215.84,MAT-AC-10001894
4208.32,MOV-ES-10000849
4202.0,TEC-AC-10002930
4170.08,MAT-AR-10004153
4166.4004,TEC-AC-10001056
4155.6797,MOV-CA-10002542
4139.0,MAT-AC-10000490
4058.0,TEC-MA-10001128
4057.2,MOV-ME-10001803
4042.08,TEC-TE-10004795
4019.76,TEC-TE-10002231
4015.0,TEC-TE-10004236
3993.24,MOV-ES-10003834
3988.4,MAT-AR-10001578
3979.5203,TEC-AC-10004745
3949.52,TEC-TE-10001609
3943.6802,TEC-TE-10004447
3921.6,TEC-AC-10000999
3910.4,MAT-AR-10002257
3904.9504,TEC-CO-10002886
3883.0,TEC-TE-10003369
3873.8398,MOV-ES-10001958
3857.2397,MAT-FI-10004927
3825.7456,TEC-CO-10000130
3798.2,MOV-ME-10002374
3782.24,MAT-AR-10004240
3773.4,MOV-ME-10000647
3770.9739,TEC-CO-10001715
3754.32,MAT-AR-10005000
3744.6,MOV-ES-10001740
3742.4,MOV-CA-10004326
3732.4297,TEC-CO-10000545
3696.5999,MOV-ME-10003027
3682.92,MOV-ES-10000146
3682.2,TEC-TE-10004216
3681.6,TEC-MA-10003388
3678.08,MAT-MA-10000119
3675.68,TEC-TE-10002183
3675.4,MAT-AR-10003215
3591.0,TEC-TE-10002896
3568.3057,TEC-CO-10004657
3567.3599,MOV-CA-10000075
3562.84,TEC-TE-10001520
3561.36,TEC-TE-10001215
3550.7998,MAT-PA-10004935
3541.6,TEC-TE-10002683
3528.52,MOV-CA-10004873
3520.72,MOV-ME-10003179
3520.44,MOV-ME-10003155
3520.0,TEC-MA-10002147
3517.6,TEC-MA-10004954
3515.2,TEC-MA-10000304
3506.88,MOV-ES-10003257
3498.0,MAT-AC-10001458
3443.9602,MAT-AC-10000780
3404.0,MAT-EN-10004039
3394.12,MOV-ES-10004839
3393.7598,MOV-CA-10004178
3389.44,MAT-FI-10003288
3384.3599,MAT-FI-10001984
3346.2,TEC-TE-10000876
3334.0,MAT-AC-10000028
3330.48,MOV-ME-10002119
3323.72,MOV-CA-10000861
3322.88,MOV-ME-10003522
3320.68,TEC-TE-10002423
3317.12,MOV-ES-10001528
3316.3198,MAT-AC-10000601
3309.688,TEC-CO-10003853
3307.2002,TEC-TE-10001225
3297.5198,MOV-CA-10000803
3277.48,MOV-CA-10001415
3273.0288,TEC-CO-10003794
3263.4001,MOV-MO-10004557
3255.52,TEC-TE-10004237
3250.8,TEC-AC-10001673
3246.0,TEC-TE-10003006
3243.3604,MOV-ES-10001154
3243.2,TEC-AC-10000198
3223.04,MOV-CA-10000318
3215.52,MOV-ES-10002848
3178.36,MAT-EN-10002048
3167.6,TEC-AC-10003457
3163.68,MOV-ME-10003247
3155.0,MAT-AR-10004761
3146.2,MOV-ME-10003373
3123.96,MOV-CA-10001610
3106.44,MOV-CA-10004984
3105.68,MAT-AC-10003188
3100.0,MOV-ES-10000635
3099.759,TEC-CO-10004626
3089.2,MAT-EN-10003894
3061.7998,TEC-TE-10001806
3046.8,MAT-MA-10002428
3035.28,MOV-ES-10003082
3034.7998,MOV-ES-10002152
3030.48,MAT-MA-10004847
3025.7998,TEC-TE-10001064
3022.8,MAT-EN-10003792
3012.8,TEC-TE-10003020
3012.48,MOV-ES-10000918
3011.4,MOV-ME-10000857
2993.4,MOV-ES-10004617
2982.0,TEC-TE-10002270
2980.0002,MOV-MO-10002143
2979.28,MAT-FI-10004886
2973.48,MOV-CA-10002904
2969.6,MAT-EN-10001135
2948.4,MAT-EN-10003848
2937.44,MAT-MA-10001359
2924.96,TEC-AC-10004148
2916.0,TEC-TE-10004092
2863.6401,MAT-AC-10004304
2849.0,MAT-PA-10000551
2842.8555,TEC-CO-10001968
2819.44,MAT-MA-10000125
2803.2,MAT-AC-10003110
2791.5198,TEC-TE-10002071
2787.6,MAT-FI-10001257
2775.44,TEC-AC-10002900
2769.0,TEC-MA-10000852
2766.0,MAT-MA-10002935
2762.76,MAT-AR-10002108
2734.6,TEC-MA-10001903
2694.0002,TEC-TE-10001711
2688.4,MAT-AC-10001722
2676.3198,MOV-ES-10000632
2670.24,MOV-ES-10003872
2665.0,MOV-MO-10004937
2660.4,MAT-AC-10003379
2646.6,MOV-ME-10004436
2638.1602,TEC-AC-10002784
2624.0,TEC-TE-10002210
2622.0,MAT-AC-10000660
2617.4,TEC-AC-10000736
2607.0464,TEC-CO-10004760
2591.04,MAT-FI-10000244
2587.04,MOV-MO-10000978
2573.7222,TEC-CO-10004311
2555.8,TEC-MA-10003736
2548.64,MOV-ES-10003839
2542.4,MAT-AC-10003736
2538.8,MAT-AR-10000127
2533.8374,TEC-CO-10003798
2523.2,MAT-AR-10000456
2514.0002,MAT-AC-10002378
2509.2,MAT-AR-10000907
2506.7998,MAT-AR-10002720
2505.04,MOV-ES-10003835
2499.68,MAT-PA-10003325
2497.04,MAT-MA-10002233
2488.2002,MAT-AR-10001627
2487.88,MOV-CA-10004442
2464.08,MAT-MA-10002657
2430.1602,MAT-AR-10003045
2430.04,MAT-AR-10004926
2429.0,TEC-AC-10000044
2427.8,MOV-ME-10000211
2412.7998,TEC-TE-10000310
2403.6,MOV-ES-10000519
2400.9202,MAT-AR-10003216
2380.68,MOV-MO-10004592
2376.0,TEC-CO-10003274
2365.4,TEC-TE-10001816
2352.0,TEC-TE-10000135
2340.339,TEC-CO-10001424
2329.2,TEC-MA-10002216
2326.3843,TEC-CO-10003314
2325.6,MAT-EN-10002793
2322.7998,MOV-CA-10003272
2310.7998,MAT-AR-10002476
2288.6401,MOV-MO-10000559
2286.4,MAT-AC-10000765
2286.352,TEC-CO-10003534
2284.366,TEC-CO-10001147
2251.52,TEC-AC-10002272
2251.0,MAT-FI-10001513
2247.4402,MAT-AC-10003543
2239.56,MAT-MA-10000797
2221.8,TEC-AC-10003371
2217.6,MOV-ME-10000977
2212.88,MOV-CA-10001309
2208.48,MAT-AR-10004937
2207.8,MAT-AC-10003704
2199.84,MAT-AR-10004374
2190.3599,MOV-CA-10003523
2188.4,MAT-MA-10002613
2182.7632,TEC-CO-10004221
2180.92,TEC-TE-10000599
2169.6,TEC-AC-10003603
2167.12,MAT-PA-10002074
2164.8,MAT-AR-10001422
2155.0,TEC-TE-10002121
2152.8,MAT-FI-10001873
2150.4,TEC-AC-10002876
2145.6,MAT-AR-10002737
2142.76,MOV-MO-10000727
2134.52,MAT-PA-10001695
2128.56,TEC-TE-10003531
2121.1199,TEC-AC-10002413
2117.8,MAT-AR-10002246
2097.6,MAT-AR-10003872
2087.6,MOV-MO-10002372
2087.2002,MAT-EN-10004688
2083.1904,TEC-CO-10003495
2082.0,MAT-FI-10002195
2076.92,MAT-MA-10002987
2069.28,MAT-AR-10001124
2066.4,MAT-MA-10003716
2063.1814,TEC-CO-10003896
2059.0764,TEC-CO-10002926
2044.8,TEC-AC-10000500
2039.4401,MOV-MO-10000513
2029.6,MAT-AR-10004276
2022.12,MAT-AR-10000369
2005.0801,MOV-CA-10001016
2000.4401,TEC-AC-10000904
1997.1998,MAT-EN-10000610
1995.3108,TEC-CO-10000781
1992.2869,TEC-CO-10003181
1990.0,MAT-EN-10003545
1972.7999,MAT-EN-10004625
1971.3999,TEC-AC-10004360
1970.8799,TEC-TE-10003739
1965.1998,MOV-CA-10002110
1962.2,TEC-TE-10001415
1960.5602,MOV-MO-10000880
1952.8201,MOV-MO-10003224
1941.9202,MOV-ES-10000821
1933.2001,MAT-AC-10000241
1932.0801,MAT-AR-10004222
1905.6001,MOV-MO-10003291
1898.1804,TEC-CO-10004677
1894.9199,MAT-AR-10001150
1892.8,MAT-FI-10001495
1881.6001,MAT-PA-10002903
1877.2799,MAT-AR-10004129
1877.1201,MOV-CA-10002605
1870.7999,MAT-MA-10003141
1870.6799,MAT-AR-10004711
1870.0,TEC-TE-10001991
1855.5598,MOV-MO-10004941
1848.0,TEC-MA-10001338
1838.0,MOV-ES-10001838
1825.6399,TEC-AC-10003655
1821.6,MAT-EN-10004248
1811.2,TEC-MA-10002733
1810.7999,MOV-CA-10000711
1807.6,MAT-AR-10002071
1804.1599,MAT-EN-10004794
1803.6001,MAT-EN-10002352
1801.24,MAT-AR-10000544
1795.5599,MAT-FI-10002494
1792.3201,TEC-AC-10004370
1780.0,MOV-CA-10002419
1772.48,MAT-PA-10001484
1770.8,MAT-EN-10001487
1759.92,MAT-AR-10002132
1754.84,TEC-AC-10001700
1750.6399,TEC-AC-10003695
1734.96,MOV-MO-10002286
1726.2,MOV-ME-10003638
1725.52,TEC-CO-10002847
1723.6,TEC-AC-10001749
1723.44,MAT-AR-10002409
1704.8,MOV-ME-10002382
1704.0,TEC-MA-10001780
1703.72,MAT-PA-10000410
1702.8,MAT-PA-10000468
1701.84,MAT-AR-10002253
1701.3999,MAT-PA-10004245
1701.12,MAT-AR-10004653
1680.88,TEC-CO-10001546
1670.8801,TEC-AC-10004470
1663.52,MAT-MA-10000201
1661.8716,TEC-CO-10002110
1659.76,MAT-AR-10003278
1653.4,TEC-MA-10001974
1646.4,MOV-CA-10003792
1642.6799,TEC-AC-10001228
1639.28,MAT-MA-10003063
1637.2,TEC-AC-10003819
1605.24,MAT-FI-10002057
1603.6001,MAT-AR-10000124
1594.4797,TEC-TE-10004172
1588.8,MAT-FI-10001531
1587.2,MAT-AR-10003740
1585.6001,MOV-CA-10001109
1583.6001,MAT-AR-10002512
1582.0,TEC-TE-10004211
1570.6799,MAT-MA-10002198
1566.0,TEC-TE-10000856
1560.5199,MAT-AR-10004344
1556.8,MAT-AC-10003439
1553.96,MAT-CO-10002370
1548.0,TEC-AC-10001000
1547.28,MOV-ES-10000086
1546.8,TEC-AC-10003964
1546.56,MOV-ES-10000362
1541.8,MAT-MA-10004629
1538.64,MOV-MO-10003379
1534.6001,MOV-ME-10003409
1531.96,MOV-MO-10001068
1528.9199,MOV-ES-10002183
1526.4,MOV-MO-10000148
1526.3999,MAT-AR-10000003
1525.6799,MOV-ME-10004532
1513.68,MAT-AR-10000288
1511.76,TEC-TE-10001685
1510.4746,TEC-CO-10004163
1505.6001,MAT-PA-10000863
1498.3201,MAT-AR-10002107
1497.24,MAT-FI-10001330
1496.4,TEC-MA-10001544
1492.8,TEC-TE-10003184
1488.4801,MAT-AR-10000011
1486.44,MAT-FI-10002974
1482.1199,TEC-MA-10001174
1482.0,MAT-AC-10002557
1481.52,TEC-AC-10003186
1474.4,TEC-AC-10003289
1467.3999,MAT-AC-10002970
1467.0,TEC-TE-10003859
1463.7999,MAT-AR-10000724
1458.36,TEC-TE-10003663
1447.84,MOV-ES-10003589
1443.84,MOV-ME-10003986
1441.76,MAT-PA-10002989
1440.4,MAT-AR-10001630
1435.2,MAT-EN-10001718
1433.6,MOV-ME-10004432
1432.88,MAT-FI-10000154
1428.16,MAT-AR-10001838
1421.96,MOV-ES-10004956
1416.6799,MAT-FI-10002700
1416.32,MAT-AR-10001754
1415.3999,MAT-MA-10001922
1414.3999,MAT-EN-10004759
1393.0,TEC-MA-10004628
1391.0,MAT-EN-10000953
1387.2,MAT-PA-10002714
1386.8401,MAT-AR-10003036
1382.4,TEC-MA-10001663
1372.7999,MAT-AC-10000074
1369.88,TEC-AC-10003844
1368.0,MAT-PA-10002875
1367.0,MAT-CO-10004718
1364.8,TEC-TE-10003478
1358.0801,MAT-FI-10004209
1353.6001,MAT-AR-10001070
1351.2222,TEC-CO-10001022
1346.3999,MAT-AR-10002990
1344.0,MAT-MA-10001777
1338.3999,MOV-CA-10003984
1331.76,MAT-MA-10002131
1326.36,MAT-AR-10001334
1326.0,MAT-EN-10001401
1324.8,MAT-FI-10002664
1319.1613,TEC-CO-10001151
1314.4802,TEC-TE-10001522
1314.0001,MAT-AR-10003252
1306.8,MAT-FI-10001532
1304.8,MAT-MA-10002090
1301.3999,MAT-AC-10003894
1301.0,MOV-CA-10004486
1298.0,TEC-MA-10000586
1297.6001,MAT-AR-10001348
1294.6001,MAT-MA-10002078
1294.6,MAT-EN-10000425
1284.96,TEC-TE-10003010
1280.76,MAT-AR-10004523
1280.48,MAT-EN-10004315
1278.08,MAT-MA-10002408
1274.8,MAT-PA-10003844
1271.6001,MAT-EN-10001532
1270.4,MAT-AR-10000951
1266.7999,MAT-AR-10002094
1264.92,MAT-AR-10000872
1262.56,MOV-ES-10004629
1258.6,MAT-AR-10004677
1250.2399,MAT-EN-10000372
1238.62,TEC-CO-10000278
1238.3999,MAT-AR-10000174
1236.0801,TEC-AC-10001101
1227.12,MAT-AR-10003031
1221.76,MAT-EN-10001004
1220.72,MAT-AR-10000129
1219.7999,MAT-AC-10002332
1219.4,MAT-AC-10000261
1219.2,MAT-AR-10003594
1217.4464,TEC-CO-10003566
1215.28,TEC-AC-10001571
1208.12,TEC-AC-10004250
1207.2,TEC-TE-10000505
1189.0,MAT-EN-10001223
1183.2,MOV-CA-10003560
1181.6,MAT-MA-10004865
1168.48,MAT-AC-10003848
1166.92,MOV-CA-10004556
1164.84,MAT-PA-10002164
1150.56,MAT-AR-10002384
1147.84,MOV-ES-10000278
1145.52,MAT-MA-10001381
1139.4,MOV-ME-10002716
1139.04,MAT-FI-10002905
1138.04,MAT-ET-10001964
1136.2001,MOV-CA-10004251
1132.96,TEC-CO-10002392
1131.0,MAT-AC-10000332
1128.4,MAT-EN-10000353
1126.28,TEC-TE-10003100
1124.56,MAT-FI-10004780
1120.0,MAT-AR-10004292
1114.96,MAT-PA-10000322
1109.0801,MAT-PA-10002377
1105.0,MAT-FI-10000774
1099.3999,MAT-PA-10000933
1098.2,MAT-AR-10003795
1094.3999,MAT-AR-10000433
1093.96,MOV-ME-10004844
1090.8,MAT-ET-10001117
1087.2,MAT-EN-10000917
1086.0,MAT-AC-10003958
1081.6001,MAT-PA-10004818
1080.54,MOV-MO-10003020
1078.8,MOV-ES-10002291
1078.0,TEC-AC-10003719
1075.0,TEC-MA-10004537
1074.6,TEC-AC-10003601
1066.64,MAT-MA-10001557
1065.1199,MAT-AR-10001020
1064.4,MOV-ME-10000462
1060.24,MAT-AC-10000862
1060.16,MAT-MA-10002219
1059.2,MAT-EN-10001731
1058.3601,TEC-AC-10001923
1050.0,MAT-AR-10003711
1047.7201,MAT-ET-10003716
1047.3999,MOV-CA-10004440
1037.4,MAT-AR-10003355
1031.76,MAT-AC-10002983
1025.5139,TEC-CO-10003786
1017.0,MAT-AC-10000904
1015.52,TEC-MA-10004859
1015.19995,MAT-EN-10002292
1012.47986,TEC-TE-10001353
1006.2,TEC-MA-10001856
999.08,MAT-AR-10004438
998.95996,MAT-AC-10003547
998.44,TEC-TE-10004227
996.19995,TEC-AC-10000628
993.36,MOV-ME-10000604
991.4,MAT-AC-10004744
990.36,TEC-AC-10001661
986.0,TEC-TE-10002720
985.32,MOV-CA-10002356
983.92,MAT-PA-10003362
982.6,MAT-PA-10001551
982.56,MOV-MO-10003036
980.92,MAT-AR-10000982
973.76,TEC-AC-10004957
971.2,TEC-MA-10002851
968.8401,MAT-FI-10000581
965.83997,MOV-MO-10000193
962.3999,MAT-AC-10004138
961.6428,TEC-CO-10000946
958.16003,MAT-PA-10000497
954.4,TEC-TE-10002473
948.24,TEC-AC-10003930
935.39996,MAT-AR-10001043
932.6,MAT-MA-10002656
926.4,MAT-EN-10002602
925.92004,MAT-AR-10002901
924.0,MAT-EN-10000216
922.60004,TEC-AC-10002586
918.52,MAT-AR-10002152
916.56,MAT-MA-10000695
913.2,MAT-EN-10001857
911.0,TEC-MA-10001999
910.4,TEC-MA-10000856
906.6,MAT-PA-10000502
904.19995,MAT-AC-10002405
902.24,MOV-MO-10004273
901.60004,MAT-MA-10000059
900.2399,MAT-PA-10003685
898.944,TEC-CO-10001019
898.51996,MAT-EN-10000107
898.12,TEC-CO-10001933
896.19995,MAT-MA-10002669
896.0,MAT-PA-10001670
895.4,MAT-AR-10003076
892.83997,MAT-AR-10002683
890.72,MOV-CA-10001183
890.2,MOV-ME-10001335
888.0,TEC-AC-10001873
888.0,MAT-PA-10001635
886.64,MAT-AR-10003707
883.44006,TEC-AC-10000767
882.4,TEC-AC-10004713
880.80005,MAT-PA-10004606
880.0,MAT-AC-10004091
879.80005,MOV-CA-10003721
878.64,MOV-MO-10000445
877.07996,MAT-MA-10002451
875.2,MAT-EN-10003067
874.64,TEC-AC-10001287
870.6,MAT-ET-10000494
870.0,MOV-MO-10003670
869.80005,MAT-MA-10001508
869.4,TEC-AC-10004435
867.84,MAT-AR-10004128
864.88,MOV-CA-10004196
858.96,MAT-CO-10001275
857.75995,MAT-CO-10002572
856.72003,TEC-AC-10002602
853.19995,MOV-MO-10002552
850.80005,MAT-ET-10004271
847.2,TEC-AC-10004003
847.08,MAT-EN-10000871
843.56,MAT-AR-10001323
842.4,MOV-ME-10003195
836.04004,MAT-FI-10002581
834.5952,TEC-CO-10001292
833.0,MAT-AR-10002298
831.7999,MAT-AR-10002704
831.0,MAT-AR-10002660
826.0,MAT-MA-10003666
822.48,MAT-FI-10000954
821.83997,MAT-PA-10000604
818.8,MAT-AC-10001024
817.60004,MAT-PA-10000521
816.0,MAT-AR-10000087
814.31995,MAT-AR-10003098
813.72,TEC-TE-10000334
811.24,MAT-CO-10000097
810.56,MOV-MO-10002986
806.16,MOV-CA-10003610
803.24,MAT-CO-10002112
797.44,MAT-ET-10002536
793.6,MAT-FI-10000495
791.16003,MAT-CO-10001844
791.16003,MAT-PA-10000104
790.44,TEC-AC-10001917
789.0,MAT-MA-10003340
787.2,MAT-MA-10004762
786.72,MAT-CO-10002533
786.4,MAT-ET-10000988
786.07996,MAT-AR-10003294
785.0,TEC-AC-10004074
782.56,MAT-ET-10002208
779.80005,TEC-MA-10001235
778.95996,MAT-CO-10003781
777.2,MAT-AR-10002310
776.92,MAT-PA-10000293
775.8,MAT-CO-10000999
774.80005,MAT-AR-10001690
774.0,MAT-EN-10001820
773.28,MOV-MO-10004561
772.8,MAT-ET-10000190
771.84,MAT-EN-10001524
768.16003,MAT-PA-10003501
764.88,MAT-AR-10002782
764.48,TEC-AC-10002180
763.2,MAT-EN-10004119
760.12,MAT-PA-10002802
754.52,MAT-CO-10002707
754.0,MOV-MO-10002284
752.0,MAT-MA-10003308
751.72003,MAT-AR-10004326
749.84,MAT-FI-10004660
748.0,MOV-CA-10002982
746.08,MOV-CA-10002867
743.6,MAT-PA-10000782
743.56,MAT-FI-10000337
742.0,MAT-PA-10003855
737.12,MOV-CA-10000349
736.68,MAT-PA-10001982
734.4,MAT-MA-10002650
732.24,MOV-MO-10002034
731.88,TEC-AC-10001364
731.52,MAT-MA-10002485
728.0,MAT-CO-10002558
726.08,MAT-EN-10001667
722.3476,TEC-CO-10001008
721.6,MAT-PA-10000852
720.12,MAT-AR-10004920
717.24,MAT-PA-10001609
717.19995,MAT-ET-10002436
716.4,MAT-AR-10001753
713.83997,MOV-MO-10001685
713.28,MAT-PA-10001671
713.0,MOV-ES-10000868
712.48,MAT-CO-10001604
711.39996,MOV-MO-10000149
711.0576,TEC-CO-10003348
710.39996,MAT-FI-10000911
709.95996,MAT-EN-10000207
709.27997,TEC-TE-10004399
709.00006,MAT-AC-10002280
708.4,MAT-AR-10000299
705.24,TEC-TE-10002304
703.44,MAT-PA-10002524
703.2,MAT-AC-10002505
700.0,MAT-PA-10003262
700.0,MAT-AR-10003549
698.52,MAT-PA-10001439
697.8832,TEC-CO-10004038
693.6,MAT-EN-10000062
692.48004,MAT-PA-10000402
692.0,TEC-TE-10002603
689.88,MOV-ES-10002845
688.4,TEC-AC-10002911
687.48004,MOV-MO-10004370
687.36,TEC-AC-10002898
684.0,MAT-EN-10004471
680.39996,MAT-FI-10004421
680.0,MAT-PA-10001401
679.6,MAT-CO-10003743
675.68,MAT-FI-10001212
674.8,MAT-FI-10000163
667.27997,MOV-MO-10003988
666.7999,MOV-CA-10004158
662.8,MAT-MA-10001173
662.64,MAT-FI-10003636
660.0001,TEC-MA-10003575
660.0,MOV-MO-10004599
660.0,MAT-ET-10000900
658.95996,MAT-MA-10003705
657.6132,TEC-CO-10004844
657.6,MAT-PA-10003461
654.95996,MOV-MO-10000693
651.84,MAT-AR-10001836
651.52,MAT-AC-10004309
651.24,MAT-CO-10004773
650.84,MAT-PA-10000941
642.0,MAT-AC-10004299
641.72003,MAT-EN-10003284
640.0,MAT-AR-10002673
637.64996,TEC-CO-10001697
637.2,MAT-AR-10000063
636.0,TEC-AC-10000655
632.64,MAT-FI-10000853
632.27997,MOV-MO-10000743
632.2,MAT-AR-10003651
632.0,MAT-MA-10000818
630.8,TEC-AC-10000042
623.44006,MAT-AR-10001073
622.24,MAT-PA-10004901
621.80005,MOV-ES-10002598
621.0,TEC-MA-10001550
620.88,MAT-CO-10001655
620.8,MAT-AR-10002066
619.95996,TEC-AC-10002777
619.44,MAT-CO-10003584
618.8,TEC-MA-10002924
614.88,TEC-MA-10003471
613.80005,MAT-MA-10001839
613.16003,MAT-ET-10000152
612.05994,MOV-MO-10002335
611.8,TEC-MA-10002867
609.8401,MOV-CA-10002213
608.64,MOV-ME-10001135
608.6,MAT-FI-10003405
606.56,MAT-EN-10002113
606.0,MAT-AR-10001158
606.0,MAT-FI-10004410
604.80005,MAT-MA-10003821
601.68005,MOV-MO-10003862
597.92,TEC-AC-10001382
596.88,MAT-MA-10003204
596.16003,MAT-PA-10004809
596.07996,MAT-EN-10004129
595.0,TEC-TE-10000810
586.16003,MAT-CO-10004597
585.48,MAT-AC-10001948
585.0,MAT-CO-10002580
581.2,MOV-ES-10002924
580.08,MAT-ET-10003842
579.6,TEC-MA-10002695
579.16,TEC-MA-10000126
577.9601,MAT-AR-10001356
577.4,MAT-FI-10003101
577.2,TEC-MA-10004541
573.95996,MAT-CO-10000361
572.6,MOV-ME-10004442
570.08,MAT-AR-10001300
566.4,MAT-AC-10004511
564.16003,MAT-CO-10003733
564.0,MAT-PA-10003043
561.0,MAT-AR-10004231
554.4,MOV-MO-10002709
551.4,MAT-MA-10002027
543.2,MAT-EN-10002041
541.88,TEC-TE-10004658
539.19995,MAT-AR-10000939
539.19995,MAT-FI-10002744
538.56,MAT-MA-10000372
536.0,MAT-AC-10003561
534.0,MAT-PA-10003287
533.6,MAT-MA-10002286
530.4,MAT-EN-10000753
530.2,MAT-AR-10000358
528.8,MAT-AR-10002111
527.76,MAT-PA-10001844
524.76,MAT-MA-10002310
520.0,MAT-EN-10003851
516.0,MAT-PA-10003781
514.8,MAT-AR-10004160
513.6,MAT-PA-10000754
512.4,TEC-MA-10002804
512.0,MAT-MA-10004856
509.32,MOV-ME-10003437
508.80005,MAT-MA-10003531
502.92,MAT-FI-10003013
502.40002,MOV-CA-10003821
498.88,MAT-AR-10003353
497.55997,MAT-ET-10002537
496.40002,TEC-AC-10001292
494.72,MAT-PA-10003102
494.0,TEC-AC-10001858
492.99997,MAT-AC-10003906
490.56,MAT-CO-10003823
486.56,MAT-ET-10000163
485.0,MAT-FI-10004997
484.52002,MOV-ME-10004157
480.8,MAT-ET-10002506
477.60004,MAT-ET-10001772
476.09082,TEC-CO-10000864
475.2,MAT-ET-10000835
474.6,MAT-AR-10002827
474.28,MAT-AC-10003923
473.6,MAT-MA-10003578
472.12,MOV-ES-10004419
470.08002,MAT-CO-10001215
468.96,MAT-EN-10000514
468.8,TEC-AC-10000623
467.6,TEC-AC-10001768
465.8,MAT-EN-10002874
465.59998,MAT-EN-10002939
462.72,MAT-EN-10003303
461.44003,MAT-PA-10003735
459.96008,MOV-ES-10003508
457.8,MAT-FI-10001059
457.6,MAT-CO-10001035
456.0,MAT-FI-10002390
456.0,MAT-FI-10004130
453.59998,MAT-EN-10000752
453.36005,MOV-ES-10002031
450.8,MAT-EN-10000729
450.39996,MAT-EN-10003731
450.08002,MAT-FI-10000063
450.0,MOV-MO-10003106
444.6,MAT-CO-10002929
439.76,MAT-CO-10001559
436.0,MAT-AC-10001343
434.52002,MAT-AC-10000794
432.72003,MAT-AR-10004875
432.0,MAT-EN-10001040
430.47998,MAT-EN-10001763
427.0,MAT-ET-10002096
426.16,MAT-CO-10002743
425.6,MAT-AR-10002707
423.4,MOV-MO-10000316
421.6,MAT-PA-10001877
416.12,MAT-EN-10003196
415.6,MAT-FI-10000452
413.84,MAT-CO-10003053
410.8,MAT-PA-10002621
410.4,MAT-CO-10002618
410.0,TEC-TE-10002484
409.72,MOV-MO-10004456
409.4,MAT-PA-10000427
406.0,MAT-FI-10002692
405.44,MAT-CO-10003305
403.19998,MAT-EN-10004839
402.0,MAT-MA-10000282
399.72,MAT-AR-10004188
397.32,MAT-FI-10001935
396.19995,MOV-ES-10003175
394.19998,MAT-FI-10002008
393.6,MAT-AR-10004134
391.2,MAT-MA-10000771
391.19998,MAT-MA-10002434
391.19998,MOV-ES-10004369
390.08,MAT-MA-10001734
388.8,TEC-MA-10003754
388.8,MAT-FI-10003793
387.68,MAT-FI-10003812
386.56,MAT-ET-10001203
384.68,MAT-CO-10001583
384.0,MAT-EN-10003187
382.96002,MAT-CO-10001922
380.80002,MAT-PA-10004530
379.84,MAT-PA-10002540
379.6,MAT-MA-10003524
377.6,MAT-FI-10000781
377.2,MAT-ET-10000397
374.4,MAT-ET-10002699
373.0,MAT-AC-10000747
372.40002,MAT-AR-10004878
372.0,MAT-EN-10003268
371.2,MAT-ET-10004351
370.8,MOV-MO-10000525
369.59998,MAT-EN-10002322
369.0,MAT-MA-10000764
369.0,MAT-AC-10004992
367.91998,MAT-FI-10002233
367.39996,MAT-MA-10000135
367.2,MAT-ET-10003375
367.19995,MOV-MO-10001338
364.0,MAT-MA-10000641
361.8,TEC-MA-10002605
361.6,TEC-TE-10002177
360.16,TEC-AC-10004650
359.6,MAT-FI-10003225
358.15997,MAT-MA-10001130
357.72006,MAT-FI-10003646
357.0,MAT-CO-10001898
356.56,MAT-CO-10003655
355.47998,MAT-CO-10000011
354.96002,MAT-EN-10003491
353.6,MOV-ME-10000014
352.15997,MAT-ET-10003735
352.0,MAT-AR-10004216
350.52002,TEC-AC-10000584
349.91998,MAT-AR-10004626
347.6,MAT-PA-10004130
345.52002,MAT-CO-10000559
341.0,MOV-MO-10003998
339.24,MAT-MA-10001660
336.6,MAT-CO-10002834
334.92004,MAT-ET-10001153
334.68,MOV-MO-10003663
334.4,MAT-AR-10003464
333.91998,MAT-PA-10004249
333.8,MAT-MA-10004055
331.96,MAT-AR-10002878
331.2,MAT-AR-10000117
330.32,MAT-CO-10003986
330.0,TEC-TE-10002699
329.36,MAT-AR-10002622
328.32,MOV-MO-10001379
327.88,MOV-ES-10002846
327.56,MOV-MO-10002222
326.04004,MAT-FI-10000789
325.52002,MAT-PA-10003161
324.8,MAT-AC-10002105
324.44,MAT-AC-10000414
322.56,MAT-EN-10004392
322.12,TEC-AC-10004300
321.84,MAT-ET-10001326
321.59998,MAT-CO-10001629
321.59998,MAT-CO-10002266
321.0,MAT-AC-10003756
319.6,MAT-CO-10002467
317.68,MOV-MO-10003131
316.96,MAT-CO-10000897
316.80002,MAT-MA-10004822
316.04,MAT-EN-10004878
315.8,MAT-FI-10001093
314.68,MAT-FI-10002381
310.47998,MAT-MA-10003288
309.6,MAT-CO-10003063
309.27997,MAT-MA-10004043
306.96,MOV-MO-10002137
306.40005,TEC-TE-10004766
306.19995,TEC-AC-10000117
306.0,MAT-ET-10004236
303.6,MOV-MO-10001074
303.52002,MAT-AR-10000310
303.0,MAT-FI-10000516
303.0,MAT-AR-10001297
300.0,TEC-MA-10004275
299.8,MAT-MA-10000447
299.0,MAT-ET-10001274
298.44,MAT-CO-10002548
296.32,MAT-AR-10000268
295.71997,MAT-FI-10004625
295.68,MAT-ET-10000551
291.59998,MAT-PA-10004463
291.40002,MAT-ET-10003789
290.79996,MOV-ES-10004981
290.64,MAT-CO-10000763
288.8,MAT-PA-10003495
288.4,MAT-ET-10002019
288.19998,MAT-MA-10004857
287.02002,MAT-FI-10000133
286.0,MAT-AC-10004361
285.6,TEC-TE-10003505
283.80002,MAT-PA-10002927
283.48,MAT-EN-10003050
281.4,MAT-AC-10004421
281.04,MOV-ME-10000585
280.8,MAT-CO-10002728
280.0,MOV-MO-10003775
278.48,MOV-MO-10004994
278.03998,MAT-FI-10002918
277.8,MAT-PA-10000442
276.36,MAT-AR-10004005
275.40002,MAT-FI-10001855
275.4,MAT-ET-10001250
274.80005,TEC-AC-10000750
273.8,MAT-CO-10001707
273.48,MAT-CO-10004021
272.8,MAT-EN-10003727
272.44,MAT-CO-10002822
272.16003,MAT-CO-10004940
267.52,MAT-AR-10004538
266.8,TEC-AC-10004115
266.4,MAT-AR-10001211
266.0,MAT-MA-10003732
264.6,MAT-AR-10001443
264.0,MAT-CO-10002296
263.36002,MAT-PA-10002155
262.40002,MAT-FI-10000562
259.2,MAT-ET-10004412
258.32,MAT-ET-10002113
255.76,MAT-CO-10004909
255.35999,MAT-AR-10000653
254.72,MOV-MO-10003429
253.99998,MAT-PA-10004531
253.8,TEC-MA-10004494
253.44,MAT-MA-10004466
252.79999,MAT-MA-10002046
252.16002,MAT-ET-10002242
251.87988,TEC-AC-10002390
251.70001,MAT-FI-10002870
248.59999,MAT-AR-10000363
246.24,MAT-MA-10004072
245.91998,TEC-AC-10004046
245.31999,MAT-ET-10003039
245.23999,MAT-AR-10001157
245.0,MAT-ET-10000269
243.6,MAT-AC-10001680
242.2,TEC-MA-10001747
241.67993,MOV-ES-10000975
241.44,MAT-ET-10004153
241.28001,MAT-CO-10004918
240.48001,MAT-AR-10000333
239.4,MAT-FI-10001890
239.04,MAT-CO-10002650
239.0,MAT-ET-10001178
238.88,MAT-ET-10003933
238.56,MAT-CO-10003925
237.0,MAT-ET-10000720
236.19998,MAT-AR-10004925
230.40001,MAT-CO-10000909
229.2,MAT-AR-10004951
224.8,MAT-AC-10002480
224.0,MAT-MA-10000400
223.79999,MOV-MO-10001850
222.0,MOV-ES-10000101
222.0,TEC-AC-10000853
220.88,MAT-PA-10001169
220.32,MAT-AR-10002650
219.2,MAT-PA-10003589
217.20001,MAT-CO-10002140
215.59999,MAT-EN-10001377
214.76,MAT-ET-10002680
214.64001,MAT-ET-10004150
214.32,MAT-AC-10004868
212.96,MAT-ET-10001028
212.40001,MAT-MA-10003148
210.4,MAT-AC-10004329
210.0,MAT-ET-10001687
210.0,MAT-EN-10000644
210.0,MAT-EN-10000801
208.8,MAT-PA-10002996
206.68,MAT-CO-10004160
205.76001,MAT-EN-10003231
204.80002,MAT-ET-10004836
202.20001,TEC-AC-10004658
201.71999,MAT-ET-10001174
201.0,MOV-MO-10000338
199.29999,TEC-MA-10001347
199.20001,TEC-TE-10004070
196.0,MOV-MO-10002017
193.64,MAT-CO-10001618
193.20001,MAT-EN-10000955
192.6,MAT-MA-10001165
191.6,MOV-MO-10000263
190.88,MAT-ET-10001014
190.76001,MAT-FI-10002459
189.36,MAT-ET-10000220
188.24,MAT-AR-10002419
188.04001,MAT-ET-10003268
187.68,MAT-EN-10002176
187.6,MAT-AR-10001367
187.2,MAT-AR-10004158
184.8,MAT-ET-10002923
184.8,MAT-MA-10002204
183.0,MAT-MA-10004878
182.72,MAT-CO-10000736
181.92,MAT-AR-10001263
181.76001,MAT-CO-10001674
181.68002,MOV-CA-10000372
181.2,MAT-ET-10000611
181.07996,TEC-TE-10003450
180.6,TEC-AC-10003433
178.8,MAT-ET-10001569
178.12001,MAT-ET-10002675
177.0,TEC-TE-10003794
176.91998,MAT-AC-10004362
174.84,MAT-ET-10003122
174.24,TEC-AC-10004416
174.00003,TEC-AC-10003203
173.68001,MOV-MO-10000336
173.04,MAT-ET-10000776
172.70001,MAT-FI-10003525
172.69531,TEC-CO-10001365
172.28001,MAT-MA-10002378
171.60004,TEC-AC-10001251
171.2,MAT-MA-10001589
169.84,MAT-ET-10000489
169.52,MAT-EN-10001388
167.9328,TEC-CO-10004361
167.71999,MAT-FI-10001391
167.68,MAT-ET-10002662
166.8,MAT-ET-10000311
166.0,MAT-MA-10004912
166.0,MAT-MA-10001540
164.32,MAT-PA-10001825
164.0,MAT-ET-10001492
162.95999,MAT-AR-10000119
162.4,MAT-ET-10000111
159.20001,MAT-MA-10002748
158.4,MAT-ET-10002817
158.4,MAT-ET-10001828
158.19998,MAT-CO-10002105
157.6,MAT-PA-10000989
150.4,MAT-CO-10001570
148.56,MAT-CO-10001160
148.20001,MOV-ES-10000103
147.6,MAT-EN-10001457
147.4,MAT-PA-10000692
146.48001,MAT-EN-10001447
145.6,MAT-AR-10003072
145.28,MAT-MA-10001257
145.0,MAT-CO-10004825
144.0,MAT-MA-10003883
142.8,MAT-AC-10002083
141.84,MAT-AR-10000811
141.84,MAT-ET-10001375
141.6,MAT-CO-10001901
141.6,MAT-PA-10002054
140.4,TEC-MA-10002941
139.2,MAT-AR-10003008
138.91998,MAT-PA-10001948
138.4,MAT-PA-10004544
138.32,MAT-ET-10000372
137.6,TEC-MA-10002661
137.6,MAT-AR-10001387
137.31999,MAT-FI-10003394
137.2,MAT-ET-10003409
136.0,MAT-MA-10001192
135.0,MAT-CO-10004709
134.92,MAT-EN-10003541
133.84,MAT-CO-10001542
133.4,MAT-AR-10004955
131.2,MAT-PA-10001936
130.86,MAT-FI-10004134
128.16,MAT-EN-10000386
128.0,MAT-FI-10002522
128.0,MAT-AR-10003657
127.4,MAT-PA-10000932
126.799995,MAT-AR-10003499
126.4,MAT-ET-10001841
125.52,MAT-CO-10000790
124.96,MAT-ET-10002413
121.28,TEC-AC-10001906
119.920006,MAT-FI-10002403
118.8,MOV-MO-10004198
117.600006,MAT-ET-10000424
116.78,MAT-FI-10001380
116.64001,MAT-EN-10000772
116.16,MAT-FI-10004986
115.8,MAT-EN-10004999
115.44,MAT-EN-10004273
115.44,MAT-ET-10003275
114.8,MAT-MA-10000114
111.84,MAT-FI-10002569
110.079994,MOV-MO-10000763
109.20001,MAT-AR-10003555
108.0,MAT-CO-10000539
106.28,MAT-FI-10000795
105.6,MAT-EN-10000606
105.6,MAT-AR-10002249
104.77725,TEC-CO-10000544
104.6,MAT-CO-10004279
103.59999,MAT-CO-10004277
102.67999,MAT-FI-10003284
101.8,MAT-CO-10003399
101.200005,MAT-ET-10002458
100.0,MAT-EN-10001448
100.0,MAT-AR-10000520
98.32,TEC-MA-10003552
97.200005,MAT-CO-10001360
96.71997,MOV-ES-10003421
96.12,MAT-ET-10004842
96.0,MAT-ET-10000245
95.47998,TEC-TE-10000655
95.4,MAT-AR-10003466
94.86,MAT-FI-10001314
94.80002,MAT-PA-10002624
94.48,MAT-ET-10001319
93.8,MAT-AR-10000311
93.76,MAT-PA-10004495
92.96,MAT-ET-10001854
91.59999,MAT-AC-10003473
91.119995,MAT-PA-10000347
89.4,TEC-MA-10004661
88.0,MOV-CA-10004461
87.36,MAT-ET-10001653
85.0,MOV-MO-10004094
84.6,MAT-ET-10001101
84.479996,MAT-ET-10001887
83.4,TEC-MA-10004560
83.200005,MAT-MA-10000459
83.200005,MAT-CO-10003438
82.88,MAT-MA-10004605
82.600006,MAT-PA-10002115
82.6,MAT-AR-10001911
82.16,MAT-AR-10002030
80.4,MAT-AC-10003019
80.0,MAT-ET-10002272
79.2,MAT-ET-10001234
78.8,TEC-MA-10003703
77.64,MAT-CO-10004172
77.2,MOV-MO-10002070
77.0,MAT-CO-10002916
76.56,MAT-CO-10003952
76.0,MAT-ET-10000808
75.6,MAT-AC-10001097
74.4,MAT-ET-10001405
74.36,MAT-CO-10000869
72.8,MAT-FI-10001482
72.799995,MAT-AR-10003712
72.0,MAT-AR-10000703
71.2,MAT-CO-10000327
71.159996,MAT-MA-10001979
70.48,MAT-FI-10001416
70.200005,MAT-FI-10004261
69.92,MAT-ET-10001074
68.0,MAT-AR-10002062
66.600006,MAT-FI-10000469
63.199997,MAT-ET-10004879
63.0,MAT-PA-10002564
61.6,TEC-AC-10001824
60.0,MAT-ET-10002057
57.64,MOV-MO-10003569
57.2,MAT-PA-10004756
56.0,MAT-AC-10003041
55.759995,MAT-EN-10003935
55.6,MAT-ET-10003076
54.72,MAT-ET-10004154
54.640003,MAT-ET-10002432
52.960007,MAT-MA-10003427
52.63999,MAT-AR-10004612
51.52,MAT-CO-10001828
48.0,MAT-FI-10004576
47.6,MAT-PA-10000339
45.559998,MAT-FI-10000564
44.880005,MAT-EN-10003914
44.28,MAT-AR-10001308
44.0,MAT-ET-10000935
43.440002,MAT-AR-10002983
42.28,MAT-CO-10003107
39.600002,MAT-ET-10001969
39.6,MAT-CO-10004913
39.6,MAT-CO-10001823
37.6,MAT-AC-10000039
37.4,MAT-AR-10001438
37.319992,MOV-MO-10002918
35.68,MAT-MA-10000991
34.239998,MAT-EN-10004627
33.48,MAT-CO-10003605
33.440002,MAT-CO-10000655
32.4,MAT-ET-10004058
32.0,MAT-AR-10004087
30.999985,MOV-ES-10002355
28.559998,MAT-PA-10002892
27.720001,MAT-FI-10003320
25.8,MAT-EN-10002525
22.8,MAT-ET-10000308
22.0,MAT-AC-10000168
21.120003,MAT-ET-10001152
21.080002,MAT-CO-10002608
20.28,MAT-EN-10002850
18.720001,MAT-FI-10002895
18.52,MAT-PA-10002516
17.160004,MAT-ET-10004573
15.0,MAT-AR-10002327
14.240001,MAT-EN-10001062
14.079998,MAT-CO-10004631
13.6,MAT-AC-10004452
13.6,MAT-ET-10003335
12.799995,MAT-ET-10001945
12.599999,MAT-ET-10003504
12.160004,MAT-MA-10002004
11.0,MAT-FI-10000594
10.24,MAT-PA-10004600
10.0,MAT-MA-10004782
9.820023,MAT-FI-10002363
9.6,MAT-PA-10004145
9.599999,MAT-FI-10003481
9.52,MAT-AR-10000155
8.7200165,MAT-PA-10003704
8.600006,MAT-FI-10003889
8.160004,MOV-CA-10004688
7.44,MAT-PA-10003541
7.4000034,MAT-FI-10000309
7.279999,MAT-FI-10004222
7.0000153,MAT-ET-10003421
6.0,MAT-CO-10003965
5.92,MAT-PA-10004902
5.2800293,MAT-EN-10000091
2.8399963,MAT-FI-10001679
0.3999977,MAT-AR-10003284
0.0,MAT-AC-10001657
0.0,MAT-FI-10002374
0.0,MOV-MO-10004135
0.0,TEC-MA-10000905
0.0,MAT-AC-10002648
0.0,MAT-AR-10003686
-0.3199997,MAT-EN-10002451
-0.6,TEC-MA-10004359
-0.72,MOV-ME-10000476
-0.960022,MOV-CA-10004862
-1.0800018,MOV-MO-10000291
-1.5999756,TEC-TE-10004449
-3.8400269,MAT-EN-10002680
-4.3200073,MAT-AR-10001751
-4.5600014,MAT-CO-10001412
-7.119999,MAT-CO-10000358
-7.1200027,MAT-AR-10004561
-8.0,MAT-AR-10003532
-11.48,MAT-EN-10002330
-14.0,MAT-EN-10002977
-14.400024,TEC-AC-10001104
-14.56,MAT-FI-10001985
-15.6,MAT-FI-10003199
-16.319996,MAT-CO-10004945
-16.36,MAT-AC-10000611
-16.619987,MAT-FI-10003063
-16.92,MAT-FI-10000419
-17.4,MAT-CO-10004243
-17.720009,MAT-EN-10000583
-18.560003,MAT-ET-10000097
-19.12,MAT-CO-10002923
-19.52,MAT-FI-10000258
-19.52002,MAT-FI-10000640
-20.300003,MOV-MO-10003693
-20.440002,MAT-ET-10002645
-21.84,TEC-AC-10002308
-27.2,MAT-EN-10000534
-27.319992,MAT-MA-10004042
-28.08,MAT-MA-10002869
-28.240002,MAT-MA-10001621
-28.719994,MAT-ET-10001567
-28.8,MAT-ET-10001956
-28.800003,TEC-AC-10004330
-28.800003,MAT-ET-10001057
-29.16,MAT-CO-10001175
-29.160002,MAT-CO-10002631
-29.800001,MAT-FI-10001099
-32.1472,TEC-CO-10004586
-32.320007,MAT-MA-10000566
-32.4,MAT-ET-10000644
-32.4,MOV-MO-10004076
-32.800003,MAT-PA-10004268
-33.199997,MAT-CO-10004966
-33.91284,TEC-CO-10000667
-35.44,MAT-FI-10002260
-35.52,MAT-AR-10003608
-36.679993,MAT-FI-10001929
-37.56,MAT-FI-10000824
-37.84,MAT-FI-10001068
-38.559998,MOV-MO-10002825
-38.940002,MOV-MO-10001012
-39.04,MAT-ET-10000675
-39.12,MAT-PA-10001648
-39.52,MAT-FI-10003277
-41.12,MAT-PA-10002327
-41.76,MAT-AR-10003470
-42.04,MAT-ET-10000587
-42.520004,MAT-EN-10001156
-42.88,MAT-ET-10001564
-43.68,MAT-CO-10003632
-44.16,MAT-CO-10000256
-44.800003,MAT-ET-10000056
-44.88,MAT-PA-10001420
-45.279984,MAT-AR-10001866
-47.16,MAT-ET-10000384
-47.84,MAT-CO-10002163
-48.24,MAT-EN-10000409
-48.399994,MAT-ET-10002591
-48.6,MAT-MA-10000335
-49.319977,MOV-ES-10002057
-50.199993,MAT-EN-10003626
-50.56,MAT-PA-10000558
-54.000008,MAT-EN-10003354
-54.53601,TEC-CO-10000374
-57.92,MOV-CA-10004691
-59.48001,MAT-CO-10003641
-61.28,MAT-CO-10004198
-61.8,MAT-PA-10000076
-61.95999,MAT-AR-10002156
-62.000004,MAT-CO-10000971
-62.319984,MAT-ET-10004470
-62.479996,MAT-MA-10004840
-62.72,MAT-FI-10004692
-63.12,MAT-PA-10000595
-63.480003,MAT-CO-10002418
-64.48,MAT-ET-10001733
-67.44,MAT-CO-10002335
-69.04,MAT-FI-10001462
-69.99998,MOV-CA-10002699
-70.04,MAT-PA-10000912
-73.6,MAT-EN-10000186
-73.759766,TEC-AC-10001901
-75.19998,MAT-FI-10000858
-75.19999,MAT-MA-10000848
-76.07998,MOV-MO-10001433
-76.24,MAT-CO-10004653
-76.56,MOV-MO-10000216
-77.64,MAT-EN-10003658
-77.67999,MAT-CO-10000354
-79.479996,TEC-AC-10001296
-80.24,MAT-AR-10001274
-80.4,MAT-ET-10004056
-81.84,MAT-ET-10003909
-82.24,MAT-AC-10004012
-83.88,MOV-MO-10004398
-85.76,MOV-MO-10003797
-88.92001,TEC-TE-10003808
-90.079994,MAT-MA-10002387
-90.40001,MAT-AR-10000586
-94.56,MAT-CO-10004828
-94.56,MAT-PA-10000298
-94.92,MAT-ET-10002903
-96.119995,MAT-ET-10002387
-96.880005,MAT-MA-10001797
-99.44,MAT-ET-10003045
-100.68,MAT-FI-10003992
-101.119995,MAT-ET-10001115
-102.6,TEC-AC-10001992
-102.64,MAT-AR-10003885
-102.80001,TEC-AC-10001631
-102.88,TEC-AC-10003261
-103.600006,MAT-ET-10003958
-104.4,MAT-EN-10004251
-104.4,MAT-CO-10002295
-105.36,MAT-ET-10004237
-106.31999,MAT-PA-10004384
-106.4,MAT-AR-10001034
-107.2,MAT-AR-10002072
-109.2,MAT-EN-10004578
-109.36,MAT-CO-10000035
-109.44,MAT-MA-10000128
-110.2,MAT-EN-10003101
-110.64,MAT-FI-10003491
-111.60001,MAT-MA-10003006
-111.84,MAT-FI-10002102
-111.96,MAT-FI-10003125
-114.08,MAT-MA-10004197
-114.92,MAT-PA-10000158
-116.32,MAT-CO-10002480
-117.2,MAT-FI-10003319
-117.72,MAT-PA-10004044
-122.88,MOV-ME-10001403
-123.0,MAT-AR-10001017
-123.52,MAT-EN-10001895
-123.76,MAT-MA-10004123
-123.8,MOV-ES-10003729
-125.16,TEC-AC-10004676
-125.2,MAT-CO-10002427
-127.68,MOV-MO-10004643
-129.72,MAT-AR-10001098
-131.12,MOV-MO-10002446
-132.12,MAT-PA-10003232
-134.04,TEC-AC-10004213
-134.08,MAT-AR-10002721
-134.4,MAT-CO-10000257
-136.48,MAT-ET-10001029
-136.56006,TEC-AC-10002012
-136.80002,MAT-MA-10004447
-137.6,MAT-ET-10000301
-138.40001,MAT-CO-10001745
-140.2,MAT-FI-10003324
-141.28,MAT-CO-10003958
-141.72,MAT-MA-10002708
-143.36,MAT-PA-10003006
-144.0,MAT-PA-10000829
-144.4,MAT-FI-10000823
-145.28,MAT-MA-10004271
-149.27997,MAT-MA-10003067
-149.84,MOV-MO-10002862
-151.20001,TEC-AC-10002771
-151.87997,MAT-AR-10004683
-153.6,MAT-EN-10001671
-154.16,TEC-AC-10004358
-154.44,MAT-FI-10000950
-155.93997,MOV-MO-10000630
-158.48,MAT-CO-10000812
-158.48001,MAT-FI-10002202
-158.52,MAT-CO-10000633
-159.68,MAT-CO-10003946
-159.76,MAT-MA-10003625
-162.79999,MAT-FI-10004310
-163.0,MAT-PA-10001824
-163.20001,MOV-MO-10000949
-163.56,MAT-AR-10000059
-163.68,TEC-AC-10000734
-163.70001,MAT-FI-10004341
-164.79999,MAT-CO-10002080
-165.2,MAT-EN-10000957
-166.40001,MAT-ET-10002671
-166.56,MAT-CO-10004592
-167.28,MAT-ET-10004607
-168.64,MAT-ET-10004445
-171.24002,MOV-MO-10001780
-171.36,MAT-ET-10004809
-171.54001,MOV-MO-10000776
-171.64,MAT-AC-10002462
-171.71439,TEC-CO-10000254
-172.26587,TEC-CO-10000626
-173.92,MOV-CA-10003802
-175.6,MAT-MA-10003914
-178.2,MAT-CO-10003694
-178.64001,MAT-AR-10003309
-181.8,MOV-ME-10004928
-183.28,MAT-AC-10001078
-183.6,MAT-PA-10000500
-184.4,MAT-CO-10003184
-184.79999,MAT-CO-10004749
-185.2,MAT-PA-10001661
-185.4,MAT-CO-10003068
-185.6,TEC-AC-10004774
-185.92001,TEC-AC-10001565
-187.04001,MAT-AR-10002860
-192.28,MAT-CO-10003592
-192.35999,MAT-MA-10004420
-193.20001,MAT-EN-10001954
-193.56,MAT-AR-10002159
-194.44003,MAT-AR-10004675
-194.56,MAT-EN-10004867
-194.72002,MAT-CO-10000847
-195.64,MAT-AR-10002543
-196.20007,MOV-ES-10004613
-198.8,MAT-EN-10000492
-199.28,MOV-ES-10003288
-200.4,MAT-PA-10004841
-200.4,MAT-AR-10003462
-202.07999,MAT-PA-10003577
-203.76,MOV-ME-10001758
-203.76001,MOV-ES-10002277
-204.08002,MAT-AC-10002434
-207.16003,MAT-AC-10000237
-207.26001,MAT-FI-10003598
-207.36,MAT-ET-10003981
-210.63998,MOV-MO-10001267
-211.2,MAT-MA-10003188
-212.1601,MOV-CA-10000737
-213.8,MAT-EN-10001084
-214.56,MAT-PA-10000586
-216.42001,TEC-MA-10000736
-217.96,MOV-ES-10003211
-224.28,MOV-MO-10000202
-226.2,MAT-MA-10002111
-227.2,MAT-MA-10004744
-227.52,MAT-AR-10004658
-228.8,MAT-MA-10000357
-229.44,MAT-AR-10002484
-231.36003,MAT-PA-10002778
-232.6,MOV-CA-10000643
-235.16,TEC-MA-10000081
-236.72,MAT-CO-10002664
-239.88,MOV-ES-10002930
-242.57999,MAT-FI-10000270
-245.11975,TEC-TE-10001137
-247.20007,MOV-MO-10001573
-248.0,MAT-AR-10004290
-250.08,MOV-MO-10002541
-251.64,MAT-FI-10003477
-252.32,MAT-CO-10004202
-253.68,TEC-MA-10000198
-256.64,MAT-AR-10004964
-258.0,MAT-CO-10002806
-258.96002,MOV-MO-10004672
-259.2,MOV-MO-10004443
-259.2,TEC-CO-10004700
-259.36002,MAT-FI-10002671
-262.2,MAT-EN-10003164
-262.2,MOV-MO-10001463
-263.16,MAT-PA-10001605
-267.84,MAT-FI-10002189
-270.88,TEC-AC-10001621
-271.44,MAT-FI-10000832
-272.4,MAT-EN-10003920
-272.80002,MAT-CO-10002602
-273.28,MOV-MO-10003980
-285.6,MAT-MA-10004254
-287.56,MAT-AR-10001941
-287.84,TEC-AC-10003553
-289.24002,TEC-TE-10002310
-291.08,MAT-FI-10000841
-291.48,MAT-MA-10003329
-295.8,MOV-CA-10004743
-297.36002,MAT-AR-10002589
-299.04,TEC-AC-10000435
-300.96,MOV-MO-10000746
-301.72,MOV-MO-10002574
-301.8,MOV-ES-10002801
-302.4,MAT-MA-10001079
-302.91998,MAT-PA-10004538
-305.91992,MAT-AR-10003722
-308.90002,MAT-FI-10003340
-309.59998,MAT-CO-10004566
-310.8,MAT-ET-10003791
-313.84,MAT-MA-10004198
-314.6,MAT-EN-10001346
-315.44,MAT-ET-10002834
-316.99994,TEC-TE-10002883
-321.36,TEC-TE-10000105
-322.28,MAT-PA-10002614
-323.59998,MAT-AR-10001384
-324.80002,MAT-EN-10000844
-326.8,MAT-FI-10002872
-330.4,MAT-AR-10002276
-341.82,TEC-MA-10004683
-350.56,MAT-EN-10002583
-351.68,MAT-CO-10004510
-353.36,MAT-MA-10001898
-357.92004,MAT-EN-10002723
-362.56,MAT-CO-10002359
-364.80002,MAT-AR-10004717
-366.0,MOV-MO-10000954
-366.80005,MOV-MO-10001039
-367.6,MOV-CA-10003784
-368.88,MAT-AR-10000904
-370.8,MAT-AR-10004289
-377.4,MAT-FI-10002665
-379.36,MOV-CA-10000234
-381.76,MOV-CA-10003058
-382.72,MAT-AR-10003653
-383.0,TEC-AC-10001441
-384.72,TEC-TE-10001869
-385.6,MAT-AR-10002099
-389.76,MAT-MA-10002550
-390.16,MOV-CA-10000196
-390.88,MAT-PA-10003597
-396.6,MAT-PA-10003776
-396.75998,MAT-EN-10001720
-398.59998,MAT-PA-10001069
-399.12,MAT-FI-10000939
-403.76,MAT-AC-10002530
-404.4,MAT-FI-10002026
-404.84003,TEC-CO-10004672
-405.76,TEC-TE-10002172
-407.04,MOV-CA-10004481
-407.04,MAT-PA-10000049
-410.24,MOV-CA-10004663
-413.64,TEC-MA-10003308
-420.0,MAT-AR-10003575
-420.24597,TEC-CO-10004540
-421.2,MOV-MO-10000968
-421.2,MAT-AR-10004226
-425.6,MAT-AR-10003843
-426.16,MAT-MA-10001016
-438.24,MAT-AR-10004019
-440.40002,MAT-EN-10002585
-445.8,MOV-CA-10002033
-446.39996,MAT-AR-10004035
-455.0,TEC-TE-10002332
-456.2,MOV-MO-10004431
-457.80002,MOV-MO-10002392
-465.27997,MAT-MA-10000587
-465.59998,MAT-PA-10003686
-467.24,MOV-CA-10003666
-469.59998,MOV-MO-10002220
-470.16,MAT-PA-10003261
-470.40002,MOV-CA-10004902
-473.31998,MAT-EN-10003820
-475.68,MAT-AR-10001128
-478.8,MAT-PA-10004029
-484.52,MOV-ES-10002970
-484.56,MOV-ME-10003329
-488.40015,MOV-ES-10003535
-489.16,TEC-MA-10004948
-493.8,TEC-AC-10002226
-496.2,MOV-ES-10002917
-496.32,TEC-AC-10004326
-502.2,MAT-EN-10001567
-505.68,MAT-AR-10003675
-505.8,MOV-CA-10001798
-505.8,MAT-MA-10001290
-507.48,MAT-EN-10004767
-509.12,MOV-ES-10000416
-509.6001,TEC-TE-10003726
-513.52,MAT-MA-10003761
-514.08,MAT-AR-10002050
-519.68,TEC-TE-10002189
-520.8,MOV-CA-10000984
-521.39996,MAT-PA-10003329
-528.48,TEC-AC-10004084
-529.32,MOV-ME-10002404
-533.2,MAT-AC-10001395
-535.0,MOV-ES-10002212
-537.32,MAT-AR-10001385
-540.8,MAT-AR-10001029
-545.6,MAT-AR-10002762
-549.12,MAT-EN-10004394
-551.96,MAT-AR-10001733
-553.68005,MAT-AR-10004564
-554.33997,MOV-MO-10004304
-555.19995,MAT-EN-10003030
-558.16,MAT-AC-10004659
-558.4,MAT-EN-10004281
-560.16,MAT-MA-10000927
-565.44,MAT-EN-10003876
-571.48,MOV-CA-10001846
-573.0,TEC-TE-10001770
-578.4,MOV-ES-10001576
-579.6,MAT-MA-10003902
-582.78,MOV-ME-10004066
-583.8,MAT-PA-10000033
-583.92,TEC-TE-10001978
-587.04004,MAT-AR-10001232
-588.4,MAT-PA-10003911
-594.4,MOV-ME-10002563
-594.92004,MAT-AR-10004906
-608.76,MOV-CA-10001583
-612.0,MAT-EN-10003712
-613.6,MAT-EN-10004041
-618.7999,MOV-ES-10003148
-626.56,MOV-CA-10002384
-627.8,MAT-AR-10002123
-631.32,MAT-PA-10003731
-631.44,MAT-PA-10003486
-653.56006,MAT-CO-10001827
-653.75995,MOV-CA-10002283
-657.12,TEC-MA-10003116
-666.56,MOV-CA-10002389
-667.1584,TEC-CO-10001987
-679.32,TEC-TE-10001535
-679.52,MOV-MO-10002184
-679.7001,MOV-ME-10004427
-680.0,MAT-AR-10001863
-682.19995,MOV-MO-10003099
-687.6,TEC-AC-10000319
-692.88007,MAT-AC-10001623
-700.44,MOV-CA-10001047
-701.2,MOV-MO-10000827
-703.44,MAT-PA-10000038
-704.95996,MOV-ES-10003326
-705.18,MOV-MO-10001948
-705.72,MOV-CA-10004138
-709.6,TEC-AC-10000331
-710.64,TEC-AC-10000376
-717.84,MAT-AR-10000379
-719.16003,MAT-PA-10002592
-727.8,MOV-ES-10002607
-730.28,MAT-AR-10001936
-732.57996,MOV-ME-10000701
-733.12,MAT-PA-10004608
-733.6,MOV-MO-10002107
-742.086,TEC-CO-10002381
-743.2,TEC-AC-10004064
-746.64,MAT-AC-10001308
-748.0401,MOV-CA-10002893
-756.67993,MOV-CA-10003783
-759.04,MOV-CA-10004639
-767.52,MOV-ME-10001165
-774.07996,MOV-MO-10000550
-774.72,MAT-AC-10000329
-776.0799,TEC-AC-10002156
-776.16,MAT-EN-10002256
-777.56,MOV-CA-10004736
-782.08,MAT-AR-10002849
-789.72,MOV-CA-10004119
-790.56,MOV-ME-10000951
-795.24,MAT-EN-10002055
-796.4,MAT-FI-10003303
-800.64,TEC-AC-10002908
-802.24,MOV-ES-10002500
-817.6,TEC-TE-10004691
-818.72,MAT-MA-10002705
-827.80005,MAT-AC-10001158
-833.16,MOV-MO-10003156
-833.28,MAT-EN-10001831
-842.0,MOV-ME-10003349
-843.84,MOV-ES-10000358
-848.11993,MOV-MO-10004936
-859.76,TEC-MA-10001951
-864.72,MAT-AC-10002103
-867.4,MAT-EN-10001501
-869.60004,MOV-ES-10002435
-869.88,TEC-MA-10002989
-872.2,MOV-MO-10004577
-877.36,MOV-ME-10003331
-877.6801,MAT-FI-10000837
-878.24,MOV-MO-10000807
-880.0,MAT-AR-10000783
-880.96,TEC-TE-10004793
-882.0,MOV-ME-10000269
-894.08,MAT-EN-10001433
-899.12,MAT-AR-10000744
-900.72,TEC-TE-10001581
-908.64,MAT-EN-10003803
-918.4,TEC-MA-10003568
-924.92,MOV-ME-10000799
-925.12,TEC-TE-10002740
-932.4,TEC-AC-10002501
-934.2,MOV-ME-10001673
-934.35986,MOV-ME-10004392
-934.4,MOV-ES-10003224
-948.6996,TEC-CO-10001537
-956.64,MOV-ES-10003797
-958.16003,MAT-AR-10001519
-958.4398,MOV-CA-10004997
-961.28,MAT-EN-10001170
-969.6,MOV-ME-10004706
-977.4,MAT-AR-10003005
-978.68005,TEC-TE-10003746
-979.2001,MOV-CA-10000347
-980.2,MAT-AC-10000856
-983.2,TEC-TE-10004040
-989.64,TEC-AC-10002843
-990.76,MAT-MA-10001124
-1000.56,TEC-MA-10003402
-1001.84,MAT-AR-10001202
-1008.0,MOV-ME-10000738
-1029.12,TEC-TE-10002130
-1031.76,TEC-MA-10002139
-1045.36,MAT-EN-10004466
-1048.08,MOV-CA-10002428
-1054.48,MAT-AR-10001139
-1059.72,MOV-CA-10000054
-1069.44,TEC-MA-10000118
-1075.44,TEC-TE-10002027
-1078.56,MAT-EN-10003609
-1100.48,MOV-ES-10003381
-1105.16,TEC-AC-10003591
-1109.6802,MOV-ME-10003990
-1116.84,MOV-CA-10003677
-1137.48,MOV-ES-10001620
-1147.96,MAT-FI-10001619
-1148.24,MOV-ME-10002836
-1159.6,MAT-AR-10002186
-1160.138,TEC-CO-10004555
-1162.2001,MOV-ES-10001915
-1166.2,MOV-ES-10002107
-1177.0801,TEC-TE-10003572
-1191.04,MOV-ES-10002499
-1191.8,TEC-TE-10004096
-1193.7377,TEC-CO-10000696
-1201.4001,MAT-AR-10001953
-1204.8,MAT-FI-10001408
-1209.7375,TEC-CO-10003821
-1213.92,TEC-MA-10001773
-1216.28,MOV-CA-10003953
-1235.58,MOV-ME-10001014
-1245.36,MOV-CA-10004250
-1249.68,MAT-FI-10004304
-1266.48,MOV-CA-10002273
-1273.28,MOV-CA-10003855
-1278.4,TEC-TE-10003955
-1280.04,MOV-CA-10002289
-1284.44,MAT-AR-10002401
-1287.8,MOV-CA-10004587
-1299.24,MAT-FI-10000380
-1313.9768,TEC-CO-10004853
-1325.28,TEC-MA-10000556
-1327.3201,MOV-MO-10001428
-1359.36,MOV-MO-10004824
-1369.28,MAT-AR-10004163
-1376.6199,MOV-MO-10004377
-1425.2001,TEC-TE-10002141
-1425.3201,MOV-CA-10001700
-1426.8969,TEC-CO-10004186
-1428.4001,MOV-ES-10002320
-1429.12,TEC-MA-10004356
-1431.6799,MOV-CA-10003011
-1434.08,MAT-AR-10003090
-1440.9144,TEC-CO-10002994
-1448.464,TEC-CO-10002397
-1448.56,MOV-CA-10002854
-1458.6,MOV-ES-10003708
-1481.0,MOV-CA-10000109
-1497.8,MAT-AC-10004920
-1498.2,MOV-CA-10003670
-1500.72,MOV-MO-10002503
-1507.32,MAT-AC-10003200
-1514.0,MOV-MO-10002468
-1516.4,MOV-ES-10001160
-1528.8,TEC-AC-10003900
-1531.12,MAT-AR-10002266
-1535.2,TEC-MA-10004951
-1540.44,MAT-AR-10004882
-1566.3999,MAT-MA-10000769
-1591.44,MAT-FI-10000250
-1605.32,MOV-ME-10002143
-1615.6001,TEC-TE-10003228
-1627.9548,TEC-CO-10004499
-1638.6,MOV-CA-10003805
-1658.88,TEC-MA-10000264
-1668.4,TEC-AC-10004212
-1681.1388,TEC-CO-10001684
-1697.36,MOV-CA-10003698
-1715.3198,MOV-ME-10004877
-1716.3999,MAT-FI-10000728
-1735.48,MAT-AR-10002024
-1755.3201,TEC-MA-10003761
-1755.4,TEC-TE-10002009
-1769.48,MAT-MA-10003095
-1783.6,TEC-MA-10004847
-1789.76,MOV-ME-10003832
-1792.68,MOV-MO-10004329
-1797.32,MOV-CA-10000418
-1815.12,MAT-AC-10003475
-1826.6,MOV-ES-10000756
-1830.8,MOV-ES-10002901
-1866.4,MOV-ES-10003949
-1868.4,TEC-TE-10003197
-1870.56,TEC-TE-10002792
-1883.36,MOV-ES-10000008
-1893.2799,MOV-CA-10000195
-1912.72,TEC-AC-10000847
-1916.8999,MOV-MO-10000306
-1920.0,MAT-AR-10004870
-1931.52,MOV-ME-10000268
-1936.6,MAT-AR-10004952
-1950.9596,MOV-CA-10004194
-1969.9597,TEC-CO-10002556
-2000.48,MAT-AR-10000176
-2022.6799,MOV-CA-10002889
-2028.8,TEC-MA-10003749
-2080.2,MOV-ME-10001851
-2094.84,MAT-AC-10002256
-2140.48,MOV-ME-10001414
-2163.6,MOV-MO-10004010
-2196.0,MOV-ES-10000664
-2198.32,MOV-ES-10003250
-2223.1199,MAT-EN-10002228
-2226.86,TEC-MA-10003622
-2264.1848,TEC-CO-10002053
-2275.2,TEC-AC-10004280
-2285.28,MOV-ES-10002780
-2308.16,MOV-CA-10002210
-2326.96,MOV-ME-10001285
-2364.56,TEC-MA-10004627
-2390.24,MOV-ES-10004275
-2405.08,MOV-MO-10000666
-2446.1,MOV-MO-10001468
-2450.64,MOV-ME-10002320
-2509.0,MOV-ME-10000599
-2511.0,TEC-TE-10003094
-2518.6,MOV-MO-10000242
-2557.192,TEC-CO-10000737
-2669.483,TEC-CO-10004220
-2698.16,MOV-CA-10001262
-2820.08,MAT-AR-10001693
-2849.76,MOV-CA-10000806
-2871.6802,MOV-CA-10003797
-2892.0,TEC-AC-10002133
-2906.56,MAT-AR-10004935
-2916.88,MAT-AR-10000184
-2917.16,MOV-CA-10000085
-2923.3535,TEC-CO-10003549
-3059.04,MOV-ME-10000023
-3160.2,MOV-ES-10003467
-3162.8,MAT-AC-10000883
-3197.16,MOV-ME-10004571
-3265.68,MOV-MO-10004932
-3272.28,MOV-ME-10001830
-3345.52,MOV-ME-10002011
-3370.0796,TEC-MA-10003628
-3394.16,MOV-CA-10003172
-3420.8,TEC-AC-10003597
-3471.12,MAT-AC-10004574
-3580.48,MOV-ES-10000189
-3581.0,MOV-ME-10004838
-3663.6,MOV-MO-10000012
-3680.2803,TEC-TE-10002385
-3736.0,MOV-MO-10003337
-3759.8398,MOV-CA-10004383
-3768.0,TEC-TE-10002282
-3778.4,TEC-MA-10004036
-3828.56,MAT-AC-10002496
-3851.52,MOV-ES-10004062
-3856.3198,MOV-ES-10003096
-3867.88,MOV-ES-10002947
-3900.2,MOV-ES-10003074
-3939.48,MOV-ES-10000556
-3948.18,MOV-ME-10002394
-3967.2002,MOV-ES-10000385
-3994.874,TEC-CO-10000790
-4017.6711,TEC-CO-10003483
-4056.7202,TEC-TE-10002321
-4071.36,MOV-ME-10003943
-4095.84,MOV-CA-10002735
-4109.12,MOV-ME-10003043
-4140.32,MOV-ME-10001783
-4160.521,MAT-AR-10003566
-4206.4,MOV-CA-10000839
-4236.2,TEC-AC-10004490
-4277.8,MOV-MO-10000480
-4304.56,MOV-CA-10002673
-4333.32,MOV-ME-10000768
-4413.6,MOV-CA-10003998
-4452.0,MOV-CA-10000504
-4531.12,MAT-AC-10000354
-4623.36,MOV-ES-10004287
-4668.96,MAT-AC-10002721
-4724.4,TEC-TE-10002655
-4768.1084,TEC-CO-10003064
-4873.4395,MOV-ME-10001141
-4903.213,TEC-CO-10001463
-5037.44,MOV-ME-10004736
-5039.6,MOV-ES-10003323
-5110.8174,TEC-CO-10001592
-5216.52,MOV-MO-10001290
-5280.2,MAT-AC-10004810
-5352.96,MOV-CA-10001473
-5453.52,MOV-ME-10000670
-5473.3,TEC-MA-10001372
-5590.8,TEC-TE-10000621
-5612.24,MOV-ES-10001548
-5694.88,MOV-ME-10001849
-5697.44,MOV-ES-10004528
-5705.659,TEC-CO-10000100
-5799.0,MOV-ES-10000936
-5889.56,MOV-ES-10001624
-5926.04,MOV-CA-10002330
-5937.8,TEC-TE-10002063
-5946.892,TEC-CO-10004237
-6172.54,MOV-MO-10004383
-6312.96,MAT-AC-10003595
-6413.4097,TEC-CO-10002466
-6423.66,MOV-MO-10003235
-6473.3594,TEC-CO-10001622
-6583.6797,MOV-CA-10003032
-6760.14,MOV-ME-10002608
-6919.38,MOV-ME-10000666
-7522.4,MOV-ME-10000654
-7738.38,MOV-ME-10002542
-8160.88,MAT-AC-10004422
-8193.76,MOV-ME-10004732
-8224.32,MOV-ME-10000592
-8245.8,MAT-AR-10002439
-8364.3,MOV-ME-10002252
-8840.8,TEC-TE-10001448
-9077.024,TEC-CO-10002270
-9167.178,TEC-CO-10000886
-9227.88,MAT-AC-10000803
-9312.359,MOV-ES-10000191
-9325.68,TEC-MA-10004649
-9791.4,MOV-ES-10000484
-9947.561,TEC-TE-10001046
-9967.8,TEC-TE-10004987
-10184.04,TEC-MA-10003081
-10339.999,MOV-CA-10001371
-12563.2,MOV-CA-10000166
-12674.171,TEC-CO-10002086
-12928.84,MOV-ES-10004806
-13155.52,MOV-ME-10003565
-13518.4,MOV-ME-10003318
-13862.52,MOV-ES-10000391
-14040.48,MOV-ME-10000013
-14224.6,MOV-ME-10000003
-15826.439,MOV-ES-10002278
-16677.361,MOV-ES-10002838
-17803.56,MOV-ME-10000016
-18062.4,TEC-TE-10001169
-19510.799,TEC-TE-10004283
-27984.88,MOV-ME-10000144
